run_id,analysis_label,scenario,population,replicate,metric,value
cpu_workers_smoke_v1_b0,B0,uniform_high,8,0,eval_mean_mean_resource_fraction,0.4816606863674257
cpu_workers_smoke_v1_b0,B0,uniform_high,8,0,eval_mean_mean_reserve_welfare,0.9980000000000001
cpu_workers_smoke_v1_b0,B0,uniform_high,8,0,final_wealth_gini,0.19783464566929165
cpu_workers_smoke_v1_b0,B0,uniform_high,8,1,eval_mean_mean_resource_fraction,0.47682019547767046
cpu_workers_smoke_v1_b0,B0,uniform_high,8,1,eval_mean_mean_reserve_welfare,0.9980000000000001
cpu_workers_smoke_v1_b0,B0,uniform_high,8,1,final_wealth_gini,0.1109154929577465
cpu_workers_smoke_v1_s1,S1,uniform_high,8,0,eval_mean_mean_resource_fraction,0.4825846790885994
cpu_workers_smoke_v1_s1,S1,uniform_high,8,0,eval_mean_mean_reserve_welfare,0.9980000000000001
cpu_workers_smoke_v1_s1,S1,uniform_high,8,0,final_wealth_gini,0.16935483870967727
cpu_workers_smoke_v1_s1,S1,uniform_high,8,1,eval_mean_mean_resource_fraction,0.4916978246103376
cpu_workers_smoke_v1_s1,S1,uniform_high,8,1,eval_mean_mean_reserve_welfare,0.9980000000000001
cpu_workers_smoke_v1_s1,S1,uniform_high,8,1,final_wealth_gini,0.3750000000000002
cpu_workers_smoke_v1_s2,S2,uniform_high,8,0,eval_mean_mean_resource_fraction,0.4823168752964318
cpu_workers_smoke_v1_s2,S2,uniform_high,8,0,eval_mean_mean_reserve_welfare,0.9980000000000001
cpu_workers_smoke_v1_s2,S2,uniform_high,8,0,final_wealth_gini,0.24152542372881358
cpu_workers_smoke_v1_s2,S2,uniform_high,8,1,eval_mean_mean_resource_fraction,0.49487310126411604
cpu_workers_smoke_v1_s2,S2,uniform_high,8,1,eval_mean_mean_reserve_welfare,0.9980000000000001
cpu_workers_smoke_v1_s2,S2,uniform_high,8,1,final_wealth_gini,0.4207317073170733
cpu_workers_smoke_v1_r1_mu10,R1,uniform_high,8,0,eval_mean_mean_resource_fraction,0.48496136982787147
cpu_workers_smoke_v1_r1_mu10,R1,uniform_high,8,0,eval_mean_mean_reserve_welfare,0.9980000000000001
cpu_workers_smoke_v1_r1_mu10,R1,uniform_high,8,0,final_wealth_gini,0.13347457627118642
cpu_workers_smoke_v1_r1_mu10,R1,uniform_high,8,1,eval_mean_mean_resource_fraction,0.48584300648228446
cpu_workers_smoke_v1_r1_mu10,R1,uniform_high,8,1,eval_mean_mean_reserve_welfare,0.9980000000000001
cpu_workers_smoke_v1_r1_mu10,R1,uniform_high,8,1,final_wealth_gini,0.28555045871559637
cpu_workers_smoke_v1_r0_r1_mu10,"R0 (theta=0, matched mu=1)",uniform_high,8,0,eval_mean_mean_resource_fraction,0.48379182764718204
cpu_workers_smoke_v1_r0_r1_mu10,"R0 (theta=0, matched mu=1)",uniform_high,8,0,eval_mean_mean_reserve_welfare,0.9980000000000001
cpu_workers_smoke_v1_r0_r1_mu10,"R0 (theta=0, matched mu=1)",uniform_high,8,0,final_wealth_gini,0.19703389830508478
cpu_workers_smoke_v1_r0_r1_mu10,"R0 (theta=0, matched mu=1)",uniform_high,8,1,eval_mean_mean_resource_fraction,0.4858102270749572
cpu_workers_smoke_v1_r0_r1_mu10,"R0 (theta=0, matched mu=1)",uniform_high,8,1,eval_mean_mean_reserve_welfare,0.9980000000000001
cpu_workers_smoke_v1_r0_r1_mu10,"R0 (theta=0, matched mu=1)",uniform_high,8,1,final_wealth_gini,0.29243119266055073
cpu_workers_smoke_v1_r2_mu10,R2,uniform_high,8,0,eval_mean_mean_resource_fraction,0.48496136982787147
cpu_workers_smoke_v1_r2_mu10,R2,uniform_high,8,0,eval_mean_mean_reserve_welfare,0.9980000000000001
cpu_workers_smoke_v1_r2_mu10,R2,uniform_high,8,0,final_wealth_gini,0.13347457627118642
cpu_workers_smoke_v1_r2_mu10,R2,uniform_high,8,1,eval_mean_mean_resource_fraction,0.48584300648228446
cpu_workers_smoke_v1_r2_mu10,R2,uniform_high,8,1,eval_mean_mean_reserve_welfare,0.9980000000000001
cpu_workers_smoke_v1_r2_mu10,R2,uniform_high,8,1,final_wealth_gini,0.28555045871559637
cpu_workers_smoke_v1_r0_r2_mu10,"R0 (theta=0.25, matched mu=1)",uniform_high,8,0,eval_mean_mean_resource_fraction,0.48379182764718204
cpu_workers_smoke_v1_r0_r2_mu10,"R0 (theta=0.25, matched mu=1)",uniform_high,8,0,eval_mean_mean_reserve_welfare,0.9980000000000001
cpu_workers_smoke_v1_r0_r2_mu10,"R0 (theta=0.25, matched mu=1)",uniform_high,8,0,final_wealth_gini,0.19703389830508478
cpu_workers_smoke_v1_r0_r2_mu10,"R0 (theta=0.25, matched mu=1)",uniform_high,8,1,eval_mean_mean_resource_fraction,0.4858102270749572
cpu_workers_smoke_v1_r0_r2_mu10,"R0 (theta=0.25, matched mu=1)",uniform_high,8,1,eval_mean_mean_reserve_welfare,0.9980000000000001
cpu_workers_smoke_v1_r0_r2_mu10,"R0 (theta=0.25, matched mu=1)",uniform_high,8,1,final_wealth_gini,0.29243119266055073
cpu_workers_smoke_v1_r3_mu10,R3,uniform_high,8,0,eval_mean_mean_resource_fraction,0.48496136982787147
cpu_workers_smoke_v1_r3_mu10,R3,uniform_high,8,0,eval_mean_mean_reserve_welfare,0.9980000000000001
cpu_workers_smoke_v1_r3_mu10,R3,uniform_high,8,0,final_wealth_gini,0.13347457627118642
cpu_workers_smoke_v1_r3_mu10,R3,uniform_high,8,1,eval_mean_mean_resource_fraction,0.4914576686435332
cpu_workers_smoke_v1_r3_mu10,R3,uniform_high,8,1,eval_mean_mean_reserve_welfare,0.9980000000000001
cpu_workers_smoke_v1_r3_mu10,R3,uniform_high,8,1,final_wealth_gini,0.3191489361702129
cpu_workers_smoke_v1_r0_r3_mu10,"R0 (theta=1, matched mu=1)",uniform_high,8,0,eval_mean_mean_resource_fraction,0.48379182764718204
cpu_workers_smoke_v1_r0_r3_mu10,"R0 (theta=1, matched mu=1)",uniform_high,8,0,eval_mean_mean_reserve_welfare,0.9980000000000001
cpu_workers_smoke_v1_r0_r3_mu10,"R0 (theta=1, matched mu=1)",uniform_high,8,0,final_wealth_gini,0.19703389830508478
cpu_workers_smoke_v1_r0_r3_mu10,"R0 (theta=1, matched mu=1)",uniform_high,8,1,eval_mean_mean_resource_fraction,0.4858102270749572
cpu_workers_smoke_v1_r0_r3_mu10,"R0 (theta=1, matched mu=1)",uniform_high,8,1,eval_mean_mean_reserve_welfare,0.9980000000000001
cpu_workers_smoke_v1_r0_r3_mu10,"R0 (theta=1, matched mu=1)",uniform_high,8,1,final_wealth_gini,0.29243119266055073
