family,left_run,right_run,left_scenario,right_scenario,population,metric,n,n_total,mean,bootstrap_ci_low,bootstrap_ci_high
fixed_structure,cpu_workers_smoke_v1_s2,cpu_workers_smoke_v1_s1,uniform_high,uniform_high,8,social_perception_error,2,2,0.024808673469387754,0.01615646258503403,0.03346088435374148
fixed_structure,cpu_workers_smoke_v1_s2,cpu_workers_smoke_v1_s1,uniform_high,uniform_high,8,majority_mismatch_rate,2,2,0.03571428571428572,-0.030952380952380953,0.10238095238095239
fixed_structure,cpu_workers_smoke_v1_s2,cpu_workers_smoke_v1_s1,uniform_high,uniform_high,8,majority_tie_rate,2,2,0.0535714285714286,0.017857142857142905,0.0892857142857143
fixed_structure,cpu_workers_smoke_v1_s2,cpu_workers_smoke_v1_s1,uniform_high,uniform_high,8,visibility_gini,2,2,0.057992788461538436,0.008413461538461453,0.10757211538461542
fixed_structure,cpu_workers_smoke_v1_s2,cpu_workers_smoke_v1_s1,uniform_high,uniform_high,8,low_extraction_rate,2,2,0.035714285714285754,0.017857142857142905,0.0535714285714286
adaptive_minus_matched,cpu_workers_smoke_v1_r1_mu10,cpu_workers_smoke_v1_r0_r1_mu10,uniform_high,uniform_high,8,social_perception_error,2,2,-0.008609693877551006,-0.022321428571428548,0.005102040816326536
adaptive_scope,cpu_workers_smoke_v1_r1_mu10,cpu_workers_smoke_v1_r2_mu10,uniform_high,uniform_high,8,social_perception_error,2,2,0.0,0.0,0.0
adaptive_scope,cpu_workers_smoke_v1_r1_mu10,cpu_workers_smoke_v1_r3_mu10,uniform_high,uniform_high,8,social_perception_error,2,2,0.007015306122448987,0.0,0.014030612244897975
adaptive_minus_matched,cpu_workers_smoke_v1_r1_mu10,cpu_workers_smoke_v1_r0_r1_mu10,uniform_high,uniform_high,8,majority_mismatch_rate,2,2,0.010544217687074815,-0.03809523809523811,0.05918367346938774
adaptive_scope,cpu_workers_smoke_v1_r1_mu10,cpu_workers_smoke_v1_r2_mu10,uniform_high,uniform_high,8,majority_mismatch_rate,2,2,0.0,0.0,0.0
adaptive_scope,cpu_workers_smoke_v1_r1_mu10,cpu_workers_smoke_v1_r3_mu10,uniform_high,uniform_high,8,majority_mismatch_rate,2,2,0.011904761904761911,0.0,0.023809523809523822
adaptive_minus_matched,cpu_workers_smoke_v1_r1_mu10,cpu_workers_smoke_v1_r0_r1_mu10,uniform_high,uniform_high,8,majority_tie_rate,2,2,0.008928571428571425,-0.0357142857142857,0.05357142857142855
adaptive_scope,cpu_workers_smoke_v1_r1_mu10,cpu_workers_smoke_v1_r2_mu10,uniform_high,uniform_high,8,majority_tie_rate,2,2,0.0,0.0,0.0
adaptive_scope,cpu_workers_smoke_v1_r1_mu10,cpu_workers_smoke_v1_r3_mu10,uniform_high,uniform_high,8,majority_tie_rate,2,2,-0.04464285714285715,-0.0892857142857143,0.0
adaptive_minus_matched,cpu_workers_smoke_v1_r1_mu10,cpu_workers_smoke_v1_r0_r1_mu10,uniform_high,uniform_high,8,visibility_gini,2,2,0.01785714285714285,0.01004464285714285,0.02566964285714285
adaptive_scope,cpu_workers_smoke_v1_r1_mu10,cpu_workers_smoke_v1_r2_mu10,uniform_high,uniform_high,8,visibility_gini,2,2,0.0,0.0,0.0
adaptive_scope,cpu_workers_smoke_v1_r1_mu10,cpu_workers_smoke_v1_r3_mu10,uniform_high,uniform_high,8,visibility_gini,2,2,0.0,0.0,0.0
adaptive_minus_matched,cpu_workers_smoke_v1_r1_mu10,cpu_workers_smoke_v1_r0_r1_mu10,uniform_high,uniform_high,8,low_extraction_rate,2,2,-0.008928571428571397,-0.0714285714285714,0.0535714285714286
adaptive_scope,cpu_workers_smoke_v1_r1_mu10,cpu_workers_smoke_v1_r2_mu10,uniform_high,uniform_high,8,low_extraction_rate,2,2,0.0,0.0,0.0
adaptive_scope,cpu_workers_smoke_v1_r1_mu10,cpu_workers_smoke_v1_r3_mu10,uniform_high,uniform_high,8,low_extraction_rate,2,2,-0.0357142857142857,-0.0714285714285714,0.0
random_scope,cpu_workers_smoke_v1_r0_r1_mu10,cpu_workers_smoke_v1_r0_r2_mu10,uniform_high,uniform_high,8,social_perception_error,2,2,0.0,0.0,0.0
random_scope,cpu_workers_smoke_v1_r0_r1_mu10,cpu_workers_smoke_v1_r0_r3_mu10,uniform_high,uniform_high,8,social_perception_error,2,2,0.0,0.0,0.0
random_scope,cpu_workers_smoke_v1_r0_r1_mu10,cpu_workers_smoke_v1_r0_r2_mu10,uniform_high,uniform_high,8,majority_mismatch_rate,2,2,0.0,0.0,0.0
random_scope,cpu_workers_smoke_v1_r0_r1_mu10,cpu_workers_smoke_v1_r0_r3_mu10,uniform_high,uniform_high,8,majority_mismatch_rate,2,2,0.0,0.0,0.0
random_scope,cpu_workers_smoke_v1_r0_r1_mu10,cpu_workers_smoke_v1_r0_r2_mu10,uniform_high,uniform_high,8,majority_tie_rate,2,2,0.0,0.0,0.0
random_scope,cpu_workers_smoke_v1_r0_r1_mu10,cpu_workers_smoke_v1_r0_r3_mu10,uniform_high,uniform_high,8,majority_tie_rate,2,2,0.0,0.0,0.0
random_scope,cpu_workers_smoke_v1_r0_r1_mu10,cpu_workers_smoke_v1_r0_r2_mu10,uniform_high,uniform_high,8,visibility_gini,2,2,0.0,0.0,0.0
random_scope,cpu_workers_smoke_v1_r0_r1_mu10,cpu_workers_smoke_v1_r0_r3_mu10,uniform_high,uniform_high,8,visibility_gini,2,2,0.0,0.0,0.0
random_scope,cpu_workers_smoke_v1_r0_r1_mu10,cpu_workers_smoke_v1_r0_r2_mu10,uniform_high,uniform_high,8,low_extraction_rate,2,2,0.0,0.0,0.0
random_scope,cpu_workers_smoke_v1_r0_r1_mu10,cpu_workers_smoke_v1_r0_r3_mu10,uniform_high,uniform_high,8,low_extraction_rate,2,2,0.0,0.0,0.0
adaptive_minus_matched,cpu_workers_smoke_v1_r2_mu10,cpu_workers_smoke_v1_r0_r2_mu10,uniform_high,uniform_high,8,social_perception_error,2,2,-0.008609693877551006,-0.022321428571428548,0.005102040816326536
adaptive_scope,cpu_workers_smoke_v1_r2_mu10,cpu_workers_smoke_v1_r3_mu10,uniform_high,uniform_high,8,social_perception_error,2,2,0.007015306122448987,0.0,0.014030612244897975
adaptive_minus_matched,cpu_workers_smoke_v1_r2_mu10,cpu_workers_smoke_v1_r0_r2_mu10,uniform_high,uniform_high,8,majority_mismatch_rate,2,2,0.010544217687074815,-0.03809523809523811,0.05918367346938774
adaptive_scope,cpu_workers_smoke_v1_r2_mu10,cpu_workers_smoke_v1_r3_mu10,uniform_high,uniform_high,8,majority_mismatch_rate,2,2,0.011904761904761911,0.0,0.023809523809523822
adaptive_minus_matched,cpu_workers_smoke_v1_r2_mu10,cpu_workers_smoke_v1_r0_r2_mu10,uniform_high,uniform_high,8,majority_tie_rate,2,2,0.008928571428571425,-0.0357142857142857,0.05357142857142855
adaptive_scope,cpu_workers_smoke_v1_r2_mu10,cpu_workers_smoke_v1_r3_mu10,uniform_high,uniform_high,8,majority_tie_rate,2,2,-0.04464285714285715,-0.0892857142857143,0.0
adaptive_minus_matched,cpu_workers_smoke_v1_r2_mu10,cpu_workers_smoke_v1_r0_r2_mu10,uniform_high,uniform_high,8,visibility_gini,2,2,0.01785714285714285,0.01004464285714285,0.02566964285714285
adaptive_scope,cpu_workers_smoke_v1_r2_mu10,cpu_workers_smoke_v1_r3_mu10,uniform_high,uniform_high,8,visibility_gini,2,2,0.0,0.0,0.0
adaptive_minus_matched,cpu_workers_smoke_v1_r2_mu10,cpu_workers_smoke_v1_r0_r2_mu10,uniform_high,uniform_high,8,low_extraction_rate,2,2,-0.008928571428571397,-0.0714285714285714,0.0535714285714286
adaptive_scope,cpu_workers_smoke_v1_r2_mu10,cpu_workers_smoke_v1_r3_mu10,uniform_high,uniform_high,8,low_extraction_rate,2,2,-0.0357142857142857,-0.0714285714285714,0.0
random_scope,cpu_workers_smoke_v1_r0_r2_mu10,cpu_workers_smoke_v1_r0_r3_mu10,uniform_high,uniform_high,8,social_perception_error,2,2,0.0,0.0,0.0
random_scope,cpu_workers_smoke_v1_r0_r2_mu10,cpu_workers_smoke_v1_r0_r3_mu10,uniform_high,uniform_high,8,majority_mismatch_rate,2,2,0.0,0.0,0.0
random_scope,cpu_workers_smoke_v1_r0_r2_mu10,cpu_workers_smoke_v1_r0_r3_mu10,uniform_high,uniform_high,8,majority_tie_rate,2,2,0.0,0.0,0.0
random_scope,cpu_workers_smoke_v1_r0_r2_mu10,cpu_workers_smoke_v1_r0_r3_mu10,uniform_high,uniform_high,8,visibility_gini,2,2,0.0,0.0,0.0
random_scope,cpu_workers_smoke_v1_r0_r2_mu10,cpu_workers_smoke_v1_r0_r3_mu10,uniform_high,uniform_high,8,low_extraction_rate,2,2,0.0,0.0,0.0
adaptive_minus_matched,cpu_workers_smoke_v1_r3_mu10,cpu_workers_smoke_v1_r0_r3_mu10,uniform_high,uniform_high,8,social_perception_error,2,2,-0.015624999999999993,-0.022321428571428548,-0.012109375000000012
adaptive_minus_matched,cpu_workers_smoke_v1_r3_mu10,cpu_workers_smoke_v1_r0_r3_mu10,uniform_high,uniform_high,8,majority_mismatch_rate,2,2,-0.0013605442176870958,-0.03809523809523811,0.03537414965986392
adaptive_minus_matched,cpu_workers_smoke_v1_r3_mu10,cpu_workers_smoke_v1_r0_r3_mu10,uniform_high,uniform_high,8,majority_tie_rate,2,2,0.053571428571428575,-0.0357142857142857,0.14285714285714285
adaptive_minus_matched,cpu_workers_smoke_v1_r3_mu10,cpu_workers_smoke_v1_r0_r3_mu10,uniform_high,uniform_high,8,visibility_gini,2,2,0.01785714285714285,0.01004464285714285,0.02566964285714285
adaptive_minus_matched,cpu_workers_smoke_v1_r3_mu10,cpu_workers_smoke_v1_r0_r3_mu10,uniform_high,uniform_high,8,low_extraction_rate,2,2,0.0267857142857143,0.0,0.0535714285714286
fixed_structure,cpu_workers_smoke_v1_s2,cpu_workers_smoke_v1_s1,uniform_high,uniform_high,8,eval_mean_mean_resource_fraction,2,2,0.0014537364308054024,-0.0002678037921676202,0.003175276653778425
fixed_structure,cpu_workers_smoke_v1_s2,cpu_workers_smoke_v1_s1,uniform_high,uniform_high,8,eval_mean_mean_reserve_welfare,2,2,0.0,0.0,0.0
fixed_structure,cpu_workers_smoke_v1_s2,cpu_workers_smoke_v1_s1,uniform_high,uniform_high,8,final_wealth_gini,2,2,0.05895114616810471,0.0457317073170731,0.07217058501913631
adaptive_minus_matched,cpu_workers_smoke_v1_r1_mu10,cpu_workers_smoke_v1_r0_r1_mu10,uniform_high,uniform_high,8,eval_mean_mean_resource_fraction,2,2,0.0006011607940083485,3.277940732726581e-05,0.0011695421806894313
adaptive_scope,cpu_workers_smoke_v1_r1_mu10,cpu_workers_smoke_v1_r2_mu10,uniform_high,uniform_high,8,eval_mean_mean_resource_fraction,2,2,0.0,0.0,0.0
adaptive_scope,cpu_workers_smoke_v1_r1_mu10,cpu_workers_smoke_v1_r3_mu10,uniform_high,uniform_high,8,eval_mean_mean_resource_fraction,2,2,-0.0028073310806243645,-0.005614662161248729,0.0
adaptive_minus_matched,cpu_workers_smoke_v1_r1_mu10,cpu_workers_smoke_v1_r0_r1_mu10,uniform_high,uniform_high,8,eval_mean_mean_reserve_welfare,2,2,0.0,0.0,0.0
adaptive_scope,cpu_workers_smoke_v1_r1_mu10,cpu_workers_smoke_v1_r2_mu10,uniform_high,uniform_high,8,eval_mean_mean_reserve_welfare,2,2,0.0,0.0,0.0
adaptive_scope,cpu_workers_smoke_v1_r1_mu10,cpu_workers_smoke_v1_r3_mu10,uniform_high,uniform_high,8,eval_mean_mean_reserve_welfare,2,2,0.0,0.0,0.0
adaptive_minus_matched,cpu_workers_smoke_v1_r1_mu10,cpu_workers_smoke_v1_r0_r1_mu10,uniform_high,uniform_high,8,final_wealth_gini,2,2,-0.03522002798942636,-0.06355932203389836,-0.006880733944954365
adaptive_scope,cpu_workers_smoke_v1_r1_mu10,cpu_workers_smoke_v1_r2_mu10,uniform_high,uniform_high,8,final_wealth_gini,2,2,0.0,0.0,0.0
adaptive_scope,cpu_workers_smoke_v1_r1_mu10,cpu_workers_smoke_v1_r3_mu10,uniform_high,uniform_high,8,final_wealth_gini,2,2,-0.016799238727308263,-0.03359847745461653,0.0
random_scope,cpu_workers_smoke_v1_r0_r1_mu10,cpu_workers_smoke_v1_r0_r2_mu10,uniform_high,uniform_high,8,eval_mean_mean_resource_fraction,2,2,0.0,0.0,0.0
random_scope,cpu_workers_smoke_v1_r0_r1_mu10,cpu_workers_smoke_v1_r0_r3_mu10,uniform_high,uniform_high,8,eval_mean_mean_resource_fraction,2,2,0.0,0.0,0.0
random_scope,cpu_workers_smoke_v1_r0_r1_mu10,cpu_workers_smoke_v1_r0_r2_mu10,uniform_high,uniform_high,8,eval_mean_mean_reserve_welfare,2,2,0.0,0.0,0.0
random_scope,cpu_workers_smoke_v1_r0_r1_mu10,cpu_workers_smoke_v1_r0_r3_mu10,uniform_high,uniform_high,8,eval_mean_mean_reserve_welfare,2,2,0.0,0.0,0.0
random_scope,cpu_workers_smoke_v1_r0_r1_mu10,cpu_workers_smoke_v1_r0_r2_mu10,uniform_high,uniform_high,8,final_wealth_gini,2,2,0.0,0.0,0.0
random_scope,cpu_workers_smoke_v1_r0_r1_mu10,cpu_workers_smoke_v1_r0_r3_mu10,uniform_high,uniform_high,8,final_wealth_gini,2,2,0.0,0.0,0.0
adaptive_minus_matched,cpu_workers_smoke_v1_r2_mu10,cpu_workers_smoke_v1_r0_r2_mu10,uniform_high,uniform_high,8,eval_mean_mean_resource_fraction,2,2,0.0006011607940083485,3.277940732726581e-05,0.0011695421806894313
adaptive_scope,cpu_workers_smoke_v1_r2_mu10,cpu_workers_smoke_v1_r3_mu10,uniform_high,uniform_high,8,eval_mean_mean_resource_fraction,2,2,-0.0028073310806243645,-0.005614662161248729,0.0
adaptive_minus_matched,cpu_workers_smoke_v1_r2_mu10,cpu_workers_smoke_v1_r0_r2_mu10,uniform_high,uniform_high,8,eval_mean_mean_reserve_welfare,2,2,0.0,0.0,0.0
adaptive_scope,cpu_workers_smoke_v1_r2_mu10,cpu_workers_smoke_v1_r3_mu10,uniform_high,uniform_high,8,eval_mean_mean_reserve_welfare,2,2,0.0,0.0,0.0
adaptive_minus_matched,cpu_workers_smoke_v1_r2_mu10,cpu_workers_smoke_v1_r0_r2_mu10,uniform_high,uniform_high,8,final_wealth_gini,2,2,-0.03522002798942636,-0.06355932203389836,-0.006880733944954365
adaptive_scope,cpu_workers_smoke_v1_r2_mu10,cpu_workers_smoke_v1_r3_mu10,uniform_high,uniform_high,8,final_wealth_gini,2,2,-0.016799238727308263,-0.03359847745461653,0.0
random_scope,cpu_workers_smoke_v1_r0_r2_mu10,cpu_workers_smoke_v1_r0_r3_mu10,uniform_high,uniform_high,8,eval_mean_mean_resource_fraction,2,2,0.0,0.0,0.0
random_scope,cpu_workers_smoke_v1_r0_r2_mu10,cpu_workers_smoke_v1_r0_r3_mu10,uniform_high,uniform_high,8,eval_mean_mean_reserve_welfare,2,2,0.0,0.0,0.0
random_scope,cpu_workers_smoke_v1_r0_r2_mu10,cpu_workers_smoke_v1_r0_r3_mu10,uniform_high,uniform_high,8,final_wealth_gini,2,2,0.0,0.0,0.0
adaptive_minus_matched,cpu_workers_smoke_v1_r3_mu10,cpu_workers_smoke_v1_r0_r3_mu10,uniform_high,uniform_high,8,eval_mean_mean_resource_fraction,2,2,0.003408491874632713,0.0011695421806894313,0.005647441568575995
adaptive_minus_matched,cpu_workers_smoke_v1_r3_mu10,cpu_workers_smoke_v1_r0_r3_mu10,uniform_high,uniform_high,8,eval_mean_mean_reserve_welfare,2,2,0.0,0.0,0.0
adaptive_minus_matched,cpu_workers_smoke_v1_r3_mu10,cpu_workers_smoke_v1_r0_r3_mu10,uniform_high,uniform_high,8,final_wealth_gini,2,2,-0.018420789262118098,-0.06355932203389836,0.026717743509662162
