run_id,analysis_label,scenario,population,replicate,metric,value,window_start_exclusive,window_end_inclusive,n_checkpoints,n_valid
cpu_workers_smoke_v1_b0,B0,uniform_high,8,0,low_extraction_rate,0.5178571428571429,0,12,7,7
cpu_workers_smoke_v1_b0,B0,uniform_high,8,1,low_extraction_rate,0.35714285714285715,0,12,7,7
cpu_workers_smoke_v1_s1,S1,uniform_high,8,0,social_perception_error,0.1256377551020408,0,12,7,7
cpu_workers_smoke_v1_s1,S1,uniform_high,8,0,majority_mismatch_rate,0.0880952380952381,0,12,7,7
cpu_workers_smoke_v1_s1,S1,uniform_high,8,0,majority_tie_rate,0.25,0,12,7,7
cpu_workers_smoke_v1_s1,S1,uniform_high,8,0,visibility_gini,0.203125,0,12,7,7
cpu_workers_smoke_v1_s1,S1,uniform_high,8,0,low_extraction_rate,0.4642857142857143,0,12,7,7
cpu_workers_smoke_v1_s1,S1,uniform_high,8,1,social_perception_error,0.13520408163265304,0,12,7,7
cpu_workers_smoke_v1_s1,S1,uniform_high,8,1,majority_mismatch_rate,0.08333333333333333,0,12,7,7
cpu_workers_smoke_v1_s1,S1,uniform_high,8,1,majority_tie_rate,0.30357142857142855,0,12,7,7
cpu_workers_smoke_v1_s1,S1,uniform_high,8,1,visibility_gini,0.1328125,0,12,7,7
cpu_workers_smoke_v1_s1,S1,uniform_high,8,1,low_extraction_rate,0.625,0,12,7,7
cpu_workers_smoke_v1_s2,S2,uniform_high,8,0,social_perception_error,0.14179421768707484,0,12,7,7
cpu_workers_smoke_v1_s2,S2,uniform_high,8,0,majority_mismatch_rate,0.05714285714285715,0,12,7,7
cpu_workers_smoke_v1_s2,S2,uniform_high,8,0,majority_tie_rate,0.3392857142857143,0,12,7,7
cpu_workers_smoke_v1_s2,S2,uniform_high,8,0,visibility_gini,0.21153846153846145,0,12,7,7
cpu_workers_smoke_v1_s2,S2,uniform_high,8,0,low_extraction_rate,0.5178571428571429,0,12,7,7
cpu_workers_smoke_v1_s2,S2,uniform_high,8,1,social_perception_error,0.16866496598639452,0,12,7,7
cpu_workers_smoke_v1_s2,S2,uniform_high,8,1,majority_mismatch_rate,0.18571428571428572,0,12,7,7
cpu_workers_smoke_v1_s2,S2,uniform_high,8,1,majority_tie_rate,0.32142857142857145,0,12,7,7
cpu_workers_smoke_v1_s2,S2,uniform_high,8,1,visibility_gini,0.24038461538461542,0,12,7,7
cpu_workers_smoke_v1_s2,S2,uniform_high,8,1,low_extraction_rate,0.6428571428571429,0,12,7,7
cpu_workers_smoke_v1_r1_mu10,R1,uniform_high,8,0,social_perception_error,0.12627551020408165,0,12,7,7
cpu_workers_smoke_v1_r1_mu10,R1,uniform_high,8,0,majority_mismatch_rate,0.07619047619047618,0,12,7,7
cpu_workers_smoke_v1_r1_mu10,R1,uniform_high,8,0,majority_tie_rate,0.32142857142857145,0,12,7,7
cpu_workers_smoke_v1_r1_mu10,R1,uniform_high,8,0,visibility_gini,0.17075892857142858,0,12,7,7
cpu_workers_smoke_v1_r1_mu10,R1,uniform_high,8,0,low_extraction_rate,0.5535714285714286,0,12,7,7
cpu_workers_smoke_v1_r1_mu10,R1,uniform_high,8,1,social_perception_error,0.1377551020408163,0,12,7,7
cpu_workers_smoke_v1_r1_mu10,R1,uniform_high,8,1,majority_mismatch_rate,0.1357142857142857,0,12,7,7
cpu_workers_smoke_v1_r1_mu10,R1,uniform_high,8,1,majority_tie_rate,0.4107142857142857,0,12,7,7
cpu_workers_smoke_v1_r1_mu10,R1,uniform_high,8,1,visibility_gini,0.17857142857142858,0,12,7,7
cpu_workers_smoke_v1_r1_mu10,R1,uniform_high,8,1,low_extraction_rate,0.5357142857142857,0,12,7,7
cpu_workers_smoke_v1_r0_r1_mu10,"R0 (theta=0, matched mu=1)",uniform_high,8,0,social_perception_error,0.1485969387755102,0,12,7,7
cpu_workers_smoke_v1_r0_r1_mu10,"R0 (theta=0, matched mu=1)",uniform_high,8,0,majority_mismatch_rate,0.1142857142857143,0,12,7,7
cpu_workers_smoke_v1_r0_r1_mu10,"R0 (theta=0, matched mu=1)",uniform_high,8,0,majority_tie_rate,0.35714285714285715,0,12,7,7
cpu_workers_smoke_v1_r0_r1_mu10,"R0 (theta=0, matched mu=1)",uniform_high,8,0,visibility_gini,0.16071428571428573,0,12,7,7
cpu_workers_smoke_v1_r0_r1_mu10,"R0 (theta=0, matched mu=1)",uniform_high,8,0,low_extraction_rate,0.5,0,12,7,7
cpu_workers_smoke_v1_r0_r1_mu10,"R0 (theta=0, matched mu=1)",uniform_high,8,1,social_perception_error,0.13265306122448978,0,12,7,7
cpu_workers_smoke_v1_r0_r1_mu10,"R0 (theta=0, matched mu=1)",uniform_high,8,1,majority_mismatch_rate,0.07653061224489796,0,12,7,7
cpu_workers_smoke_v1_r0_r1_mu10,"R0 (theta=0, matched mu=1)",uniform_high,8,1,majority_tie_rate,0.35714285714285715,0,12,7,7
cpu_workers_smoke_v1_r0_r1_mu10,"R0 (theta=0, matched mu=1)",uniform_high,8,1,visibility_gini,0.15290178571428573,0,12,7,7
cpu_workers_smoke_v1_r0_r1_mu10,"R0 (theta=0, matched mu=1)",uniform_high,8,1,low_extraction_rate,0.6071428571428571,0,12,7,7
cpu_workers_smoke_v1_r2_mu10,R2,uniform_high,8,0,social_perception_error,0.12627551020408165,0,12,7,7
cpu_workers_smoke_v1_r2_mu10,R2,uniform_high,8,0,majority_mismatch_rate,0.07619047619047618,0,12,7,7
cpu_workers_smoke_v1_r2_mu10,R2,uniform_high,8,0,majority_tie_rate,0.32142857142857145,0,12,7,7
cpu_workers_smoke_v1_r2_mu10,R2,uniform_high,8,0,visibility_gini,0.17075892857142858,0,12,7,7
cpu_workers_smoke_v1_r2_mu10,R2,uniform_high,8,0,low_extraction_rate,0.5535714285714286,0,12,7,7
cpu_workers_smoke_v1_r2_mu10,R2,uniform_high,8,1,social_perception_error,0.1377551020408163,0,12,7,7
cpu_workers_smoke_v1_r2_mu10,R2,uniform_high,8,1,majority_mismatch_rate,0.1357142857142857,0,12,7,7
cpu_workers_smoke_v1_r2_mu10,R2,uniform_high,8,1,majority_tie_rate,0.4107142857142857,0,12,7,7
cpu_workers_smoke_v1_r2_mu10,R2,uniform_high,8,1,visibility_gini,0.17857142857142858,0,12,7,7
cpu_workers_smoke_v1_r2_mu10,R2,uniform_high,8,1,low_extraction_rate,0.5357142857142857,0,12,7,7
cpu_workers_smoke_v1_r0_r2_mu10,"R0 (theta=0.25, matched mu=1)",uniform_high,8,0,social_perception_error,0.1485969387755102,0,12,7,7
cpu_workers_smoke_v1_r0_r2_mu10,"R0 (theta=0.25, matched mu=1)",uniform_high,8,0,majority_mismatch_rate,0.1142857142857143,0,12,7,7
cpu_workers_smoke_v1_r0_r2_mu10,"R0 (theta=0.25, matched mu=1)",uniform_high,8,0,majority_tie_rate,0.35714285714285715,0,12,7,7
cpu_workers_smoke_v1_r0_r2_mu10,"R0 (theta=0.25, matched mu=1)",uniform_high,8,0,visibility_gini,0.16071428571428573,0,12,7,7
cpu_workers_smoke_v1_r0_r2_mu10,"R0 (theta=0.25, matched mu=1)",uniform_high,8,0,low_extraction_rate,0.5,0,12,7,7
cpu_workers_smoke_v1_r0_r2_mu10,"R0 (theta=0.25, matched mu=1)",uniform_high,8,1,social_perception_error,0.13265306122448978,0,12,7,7
cpu_workers_smoke_v1_r0_r2_mu10,"R0 (theta=0.25, matched mu=1)",uniform_high,8,1,majority_mismatch_rate,0.07653061224489796,0,12,7,7
cpu_workers_smoke_v1_r0_r2_mu10,"R0 (theta=0.25, matched mu=1)",uniform_high,8,1,majority_tie_rate,0.35714285714285715,0,12,7,7
cpu_workers_smoke_v1_r0_r2_mu10,"R0 (theta=0.25, matched mu=1)",uniform_high,8,1,visibility_gini,0.15290178571428573,0,12,7,7
cpu_workers_smoke_v1_r0_r2_mu10,"R0 (theta=0.25, matched mu=1)",uniform_high,8,1,low_extraction_rate,0.6071428571428571,0,12,7,7
cpu_workers_smoke_v1_r3_mu10,R3,uniform_high,8,0,social_perception_error,0.12627551020408165,0,12,7,7
cpu_workers_smoke_v1_r3_mu10,R3,uniform_high,8,0,majority_mismatch_rate,0.07619047619047618,0,12,7,7
cpu_workers_smoke_v1_r3_mu10,R3,uniform_high,8,0,majority_tie_rate,0.32142857142857145,0,12,7,7
cpu_workers_smoke_v1_r3_mu10,R3,uniform_high,8,0,visibility_gini,0.17075892857142858,0,12,7,7
cpu_workers_smoke_v1_r3_mu10,R3,uniform_high,8,0,low_extraction_rate,0.5535714285714286,0,12,7,7
cpu_workers_smoke_v1_r3_mu10,R3,uniform_high,8,1,social_perception_error,0.12372448979591834,0,12,7,7
cpu_workers_smoke_v1_r3_mu10,R3,uniform_high,8,1,majority_mismatch_rate,0.11190476190476188,0,12,7,7
cpu_workers_smoke_v1_r3_mu10,R3,uniform_high,8,1,majority_tie_rate,0.5,0,12,7,7
cpu_workers_smoke_v1_r3_mu10,R3,uniform_high,8,1,visibility_gini,0.17857142857142858,0,12,7,7
cpu_workers_smoke_v1_r3_mu10,R3,uniform_high,8,1,low_extraction_rate,0.6071428571428571,0,12,7,7
cpu_workers_smoke_v1_r0_r3_mu10,"R0 (theta=1, matched mu=1)",uniform_high,8,0,social_perception_error,0.1485969387755102,0,12,7,7
cpu_workers_smoke_v1_r0_r3_mu10,"R0 (theta=1, matched mu=1)",uniform_high,8,0,majority_mismatch_rate,0.1142857142857143,0,12,7,7
cpu_workers_smoke_v1_r0_r3_mu10,"R0 (theta=1, matched mu=1)",uniform_high,8,0,majority_tie_rate,0.35714285714285715,0,12,7,7
cpu_workers_smoke_v1_r0_r3_mu10,"R0 (theta=1, matched mu=1)",uniform_high,8,0,visibility_gini,0.16071428571428573,0,12,7,7
cpu_workers_smoke_v1_r0_r3_mu10,"R0 (theta=1, matched mu=1)",uniform_high,8,0,low_extraction_rate,0.5,0,12,7,7
cpu_workers_smoke_v1_r0_r3_mu10,"R0 (theta=1, matched mu=1)",uniform_high,8,1,social_perception_error,0.13265306122448978,0,12,7,7
cpu_workers_smoke_v1_r0_r3_mu10,"R0 (theta=1, matched mu=1)",uniform_high,8,1,majority_mismatch_rate,0.07653061224489796,0,12,7,7
cpu_workers_smoke_v1_r0_r3_mu10,"R0 (theta=1, matched mu=1)",uniform_high,8,1,majority_tie_rate,0.35714285714285715,0,12,7,7
cpu_workers_smoke_v1_r0_r3_mu10,"R0 (theta=1, matched mu=1)",uniform_high,8,1,visibility_gini,0.15290178571428573,0,12,7,7
cpu_workers_smoke_v1_r0_r3_mu10,"R0 (theta=1, matched mu=1)",uniform_high,8,1,low_extraction_rate,0.6071428571428571,0,12,7,7
