scenario,population,replicate,social_mode,social_network,rewiring,time,visibility_gini,max_visibility_share,zero_visibility_fraction,reciprocity,degree_assortativity,population_low_fraction,visible_low_fraction,visible_population_bias,mean_perception_error,signed_perception_bias,majority_mismatch_rate,majority_tie_rate,degree_action_correlation,mean_prediction_error,edge_turnover,rewires_since_record,cumulative_rewires,global_rewire_fraction,requested_global_fraction,local_fallbacks
uniform_high,8,0,fixed,random_k,none,0,0.203125,0.21875,0.0,0.375,-0.11867816581938533,nan,nan,nan,nan,nan,nan,nan,nan,nan,0.0,0,0,0.0,0.0,0
uniform_high,8,0,fixed,random_k,none,1,0.203125,0.21875,0.0,0.375,-0.11867816581938533,0.5,0.53125,0.03125,0.15625,0.03125000000000003,0.2,0.375,-0.16666666666666666,0.15625,0.0,0,0,0.0,0.0,0
uniform_high,8,0,fixed,random_k,none,2,0.203125,0.21875,0.0,0.375,-0.11867816581938533,0.875,0.90625,0.03125,0.11160714285714286,0.03125000000000004,0.0,0.0,-0.2519763153394848,0.390625,0.0,0,0,0.0,0.0,0
uniform_high,8,0,fixed,random_k,none,4,0.203125,0.21875,0.0,0.375,-0.11867816581938533,0.375,0.375,0.0,0.15178571428571427,2.0816681711721685e-17,0.16666666666666666,0.25,0.0,0.27734375,0.0,0,0,0.0,0.0,0
uniform_high,8,0,fixed,random_k,none,6,0.203125,0.21875,0.0,0.375,-0.11867816581938533,0.375,0.34375,-0.03125,0.17410714285714285,-0.03124999999999998,0.0,0.5,0.17213259316477408,0.1103515625,0.0,0,0,0.0,0.0,0
uniform_high,8,0,fixed,random_k,none,8,0.203125,0.21875,0.0,0.375,-0.11867816581938533,0.0,0.0,0.0,0.0,0.0,0.0,0.0,nan,0.267333984375,0.0,0,0,0.0,0.0,0
uniform_high,8,0,fixed,random_k,none,10,0.203125,0.21875,0.0,0.375,-0.11867816581938533,0.625,0.75,0.125,0.14285714285714285,0.125,0.0,0.125,-0.6885303726590963,0.46441650390625,0.0,0,0,0.0,0.0,0
uniform_high,8,0,fixed,random_k,none,12,0.203125,0.21875,0.0,0.375,-0.11867816581938533,0.5,0.625,0.125,0.14285714285714285,0.12500000000000003,0.25,0.5,-0.6666666666666666,0.0611419677734375,0.0,0,0,0.0,0.0,0
uniform_high,8,1,fixed,random_k,none,0,0.1328125,0.15625,0.0,0.625,-0.32475952641916445,nan,nan,nan,nan,nan,nan,nan,nan,nan,0.0,0,0,0.0,0.0,0
uniform_high,8,1,fixed,random_k,none,1,0.1328125,0.15625,0.0,0.625,-0.32475952641916445,0.75,0.8125,0.0625,0.08928571428571427,0.0625,0.0,0.0,-0.5773502691896257,0.3125,0.0,0,0,0.0,0.0,0
uniform_high,8,1,fixed,random_k,none,2,0.1328125,0.15625,0.0,0.625,-0.32475952641916445,0.625,0.59375,-0.03125,0.1651785714285714,-0.031249999999999986,0.3333333333333333,0.25,0.2581988897471611,0.1875,0.0,0,0,0.0,0.0,0
uniform_high,8,1,fixed,random_k,none,4,0.1328125,0.15625,0.0,0.625,-0.32475952641916445,0.75,0.6875,-0.0625,0.0982142857142857,-0.0625,0.0,0.25,0.5773502691896257,0.203125,0.0,0,0,0.0,0.0,0
uniform_high,8,1,fixed,random_k,none,6,0.1328125,0.15625,0.0,0.625,-0.32475952641916445,0.75,0.75,0.0,0.13392857142857142,0.0,0.0,0.25,0.0,0.26953125,0.0,0,0,0.0,0.0,0
uniform_high,8,1,fixed,random_k,none,8,0.1328125,0.15625,0.0,0.625,-0.32475952641916445,0.5,0.40625,-0.09375,0.15625,-0.09374999999999997,0.0,0.5,0.7499999999999999,0.22314453125,0.0,0,0,0.0,0.0,0
uniform_high,8,1,fixed,random_k,none,10,0.1328125,0.15625,0.0,0.625,-0.32475952641916445,0.625,0.59375,-0.03125,0.15625,-0.031249999999999986,0.25,0.5,0.2581988897471611,0.1661376953125,0.0,0,0,0.0,0.0,0
uniform_high,8,1,fixed,random_k,none,12,0.1328125,0.15625,0.0,0.625,-0.32475952641916445,0.375,0.28125,-0.09375,0.14732142857142858,-0.09374999999999997,0.0,0.375,0.7745966692414833,0.26141357421875,0.0,0,0,0.0,0.0,0
