adaptive_run_id,r0_run_id,adaptive_label,r0_label,rewire_theta,rewire_mu,scenario,population,metric,n_pairs,mean_adaptive_minus_r0,bootstrap_ci_low,bootstrap_ci_high
cleanup_verified_r1_mu10,cleanup_verified_r0_r1_mu10,R1,"R0 (theta=0, matched mu=1)",0.0,1.0,uniform_high,8,resource_fraction,2,0.0006011607940083485,3.277940732726581e-05,0.0011695421806894313
cleanup_verified_r1_mu10,cleanup_verified_r0_r1_mu10,R1,"R0 (theta=0, matched mu=1)",0.0,1.0,uniform_high,8,reserve_welfare,2,0.0,0.0,0.0
cleanup_verified_r1_mu10,cleanup_verified_r0_r1_mu10,R1,"R0 (theta=0, matched mu=1)",0.0,1.0,uniform_high,8,need_satisfaction,2,0.0,0.0,0.0
cleanup_verified_r1_mu10,cleanup_verified_r0_r1_mu10,R1,"R0 (theta=0, matched mu=1)",0.0,1.0,uniform_high,8,deprivation_rate,2,0.0,0.0,0.0
cleanup_verified_r1_mu10,cleanup_verified_r0_r1_mu10,R1,"R0 (theta=0, matched mu=1)",0.0,1.0,uniform_high,8,wealth_gini,2,-0.03522002798942636,-0.06355932203389836,-0.006880733944954365
cleanup_verified_r1_mu10,cleanup_verified_r0_r1_mu10,R1,"R0 (theta=0, matched mu=1)",0.0,1.0,uniform_high,8,perception_error,2,0.02678571428571428,0.026041666666666657,0.027529761904761904
cleanup_verified_r1_mu10,cleanup_verified_r0_r1_mu10,R1,"R0 (theta=0, matched mu=1)",0.0,1.0,uniform_high,8,visibility_gini,2,-0.01171875,-0.046875,0.0234375
cleanup_verified_r1_mu10,cleanup_verified_r0_r1_mu10,R1,"R0 (theta=0, matched mu=1)",0.0,1.0,uniform_high,8,majority_mismatch_rate,2,0.0069444444444444475,-0.1111111111111111,0.125
cleanup_verified_r2_mu10,cleanup_verified_r0_r2_mu10,R2,"R0 (theta=0.25, matched mu=1)",0.25,1.0,uniform_high,8,resource_fraction,2,0.0006011607940083485,3.277940732726581e-05,0.0011695421806894313
cleanup_verified_r2_mu10,cleanup_verified_r0_r2_mu10,R2,"R0 (theta=0.25, matched mu=1)",0.25,1.0,uniform_high,8,reserve_welfare,2,0.0,0.0,0.0
cleanup_verified_r2_mu10,cleanup_verified_r0_r2_mu10,R2,"R0 (theta=0.25, matched mu=1)",0.25,1.0,uniform_high,8,need_satisfaction,2,0.0,0.0,0.0
cleanup_verified_r2_mu10,cleanup_verified_r0_r2_mu10,R2,"R0 (theta=0.25, matched mu=1)",0.25,1.0,uniform_high,8,deprivation_rate,2,0.0,0.0,0.0
cleanup_verified_r2_mu10,cleanup_verified_r0_r2_mu10,R2,"R0 (theta=0.25, matched mu=1)",0.25,1.0,uniform_high,8,wealth_gini,2,-0.03522002798942636,-0.06355932203389836,-0.006880733944954365
cleanup_verified_r2_mu10,cleanup_verified_r0_r2_mu10,R2,"R0 (theta=0.25, matched mu=1)",0.25,1.0,uniform_high,8,perception_error,2,0.02678571428571428,0.026041666666666657,0.027529761904761904
cleanup_verified_r2_mu10,cleanup_verified_r0_r2_mu10,R2,"R0 (theta=0.25, matched mu=1)",0.25,1.0,uniform_high,8,visibility_gini,2,-0.01171875,-0.046875,0.0234375
cleanup_verified_r2_mu10,cleanup_verified_r0_r2_mu10,R2,"R0 (theta=0.25, matched mu=1)",0.25,1.0,uniform_high,8,majority_mismatch_rate,2,0.0069444444444444475,-0.1111111111111111,0.125
cleanup_verified_r3_mu10,cleanup_verified_r0_r3_mu10,R3,"R0 (theta=1, matched mu=1)",1.0,1.0,uniform_high,8,resource_fraction,2,0.003408491874632713,0.0011695421806894313,0.005647441568575995
cleanup_verified_r3_mu10,cleanup_verified_r0_r3_mu10,R3,"R0 (theta=1, matched mu=1)",1.0,1.0,uniform_high,8,reserve_welfare,2,0.0,0.0,0.0
cleanup_verified_r3_mu10,cleanup_verified_r0_r3_mu10,R3,"R0 (theta=1, matched mu=1)",1.0,1.0,uniform_high,8,need_satisfaction,2,0.0,0.0,0.0
cleanup_verified_r3_mu10,cleanup_verified_r0_r3_mu10,R3,"R0 (theta=1, matched mu=1)",1.0,1.0,uniform_high,8,deprivation_rate,2,0.0,0.0,0.0
cleanup_verified_r3_mu10,cleanup_verified_r0_r3_mu10,R3,"R0 (theta=1, matched mu=1)",1.0,1.0,uniform_high,8,wealth_gini,2,-0.018420789262118098,-0.06355932203389836,0.026717743509662162
cleanup_verified_r3_mu10,cleanup_verified_r0_r3_mu10,R3,"R0 (theta=1, matched mu=1)",1.0,1.0,uniform_high,8,perception_error,2,0.016741071428571404,0.0059523809523809035,0.027529761904761904
cleanup_verified_r3_mu10,cleanup_verified_r0_r3_mu10,R3,"R0 (theta=1, matched mu=1)",1.0,1.0,uniform_high,8,visibility_gini,2,-0.0234375,-0.046875,0.0
cleanup_verified_r3_mu10,cleanup_verified_r0_r3_mu10,R3,"R0 (theta=1, matched mu=1)",1.0,1.0,uniform_high,8,majority_mismatch_rate,2,-0.015277777777777779,-0.15555555555555556,0.125
