run_id,analysis_label,treatment,rewire_theta,rewire_mu,scenario,population,replicate,training_time,training_resource_fraction,training_wealth_gini,training_visibility_gini,training_perception_error,training_degree_action_correlation,mean_edge_turnover,sum_edge_turnover,cumulative_rewires,eval_mean_resource_fraction,eval_final_resource_fraction
cleanup_verified_b0,B0,B0,0.25,0.1,uniform_high,8,0,12,0.468678045067728,0.29247338615335505,nan,nan,nan,nan,nan,0,0.4816606863674257,0.4674940914746951
cleanup_verified_b0,B0,B0,0.25,0.1,uniform_high,8,1,12,0.4530208019813335,0.24941860465116283,nan,nan,nan,nan,nan,0,0.47682019547767046,0.4603270757251893
cleanup_verified_s1,S1,S1,0.25,0.1,uniform_high,8,0,12,0.4648562253021656,0.14725130890052363,0.203125,0.14285714285714285,-0.6666666666666666,0.0,0.0,0,0.4825846790885994,0.46882137988221817
cleanup_verified_s1,S1,S1,0.25,0.1,uniform_high,8,1,12,0.4811698664563528,0.3322784810126582,0.1328125,0.14732142857142858,0.7745966692414833,0.0,0.0,0,0.4916978246103376,0.4865999277295648
cleanup_verified_s2,S2,S2,0.25,0.1,uniform_high,8,0,12,0.4751008225898111,0.29117647058823515,0.21153846153846145,0.13095238095238096,0.2484519974999766,0.0,0.0,0,0.4823168752964318,0.47177003268338563
cleanup_verified_s2,S2,S2,0.25,0.1,uniform_high,8,1,12,0.4900898475541884,0.39107142857142874,0.24038461538461542,0.1523809523809524,-0.13093073414159542,0.0,0.0,0,0.49487310126411604,0.48949637526361633
cleanup_verified_r1_mu10,R1,R1,0.0,1.0,uniform_high,8,0,12,0.4797465894335625,0.21661490683229778,0.1328125,0.13839285714285715,0.28867513459481287,0.34285714285714286,2.4,48,0.48496136982787147,0.4716483315138781
cleanup_verified_r1_mu10,R1,R1,0.0,1.0,uniform_high,8,1,12,0.4796028032301387,0.28649068322981375,0.171875,0.16517857142857142,0.23570226039551587,0.33699633699633696,2.3589743589743586,47,0.48584300648228446,0.47637216706904395
cleanup_verified_r0_r1_mu10,"R0 (theta=0, matched mu=1)",R0,0.0,1.0,uniform_high,8,0,12,0.46813398165457565,0.18040540540540562,0.1796875,0.17410714285714285,0.1889822365046136,0.34285714285714286,2.4,48,0.48379182764718204,0.47176733851561303
cleanup_verified_r0_r1_mu10,"R0 (theta=0, matched mu=1)",R0,0.0,1.0,uniform_high,8,1,12,0.482370730151253,0.3604838709677418,0.1484375,0.1294642857142857,-0.6928203230275509,0.33699633699633696,2.3589743589743586,47,0.4858102270749572,0.47630277673532323
cleanup_verified_r2_mu10,R2,R2,0.25,1.0,uniform_high,8,0,12,0.4797465894335625,0.21661490683229778,0.1328125,0.13839285714285715,0.28867513459481287,0.34285714285714286,2.4,48,0.48496136982787147,0.4716483315138781
cleanup_verified_r2_mu10,R2,R2,0.25,1.0,uniform_high,8,1,12,0.4796028032301387,0.28649068322981375,0.171875,0.16517857142857142,0.23570226039551587,0.33699633699633696,2.3589743589743586,47,0.48584300648228446,0.47637216706904395
cleanup_verified_r0_r2_mu10,"R0 (theta=0.25, matched mu=1)",R0,0.25,1.0,uniform_high,8,0,12,0.46813398165457565,0.18040540540540562,0.1796875,0.17410714285714285,0.1889822365046136,0.34285714285714286,2.4,48,0.48379182764718204,0.47176733851561303
cleanup_verified_r0_r2_mu10,"R0 (theta=0.25, matched mu=1)",R0,0.25,1.0,uniform_high,8,1,12,0.482370730151253,0.3604838709677418,0.1484375,0.1294642857142857,-0.6928203230275509,0.33699633699633696,2.3589743589743586,47,0.4858102270749572,0.47630277673532323
cleanup_verified_r3_mu10,R3,R3,1.0,1.0,uniform_high,8,0,12,0.4797465894335625,0.21661490683229778,0.1328125,0.13839285714285715,0.28867513459481287,0.34285714285714286,2.4,48,0.48496136982787147,0.4716483315138781
cleanup_verified_r3_mu10,R3,R3,1.0,1.0,uniform_high,8,1,12,0.4886654532873803,0.3802447552447552,0.1484375,0.13839285714285715,0.2309401076758503,0.33699633699633696,2.3589743589743586,47,0.4914576686435332,0.48365385388512316
cleanup_verified_r0_r3_mu10,"R0 (theta=1, matched mu=1)",R0,1.0,1.0,uniform_high,8,0,12,0.46813398165457565,0.18040540540540562,0.1796875,0.17410714285714285,0.1889822365046136,0.34285714285714286,2.4,48,0.48379182764718204,0.47176733851561303
cleanup_verified_r0_r3_mu10,"R0 (theta=1, matched mu=1)",R0,1.0,1.0,uniform_high,8,1,12,0.482370730151253,0.3604838709677418,0.1484375,0.1294642857142857,-0.6928203230275509,0.33699633699633696,2.3589743589743586,47,0.4858102270749572,0.47630277673532323
