scenario,population,treatment,replicate,metric,difference
patchy_high,32,R1,0,resource_fraction,0.004239757754684104
patchy_high,32,R1,1,resource_fraction,0.011548838536145078
patchy_high,32,R1,2,resource_fraction,7.758461014620299e-05
patchy_high,32,R1,3,resource_fraction,4.516894883177525e-06
patchy_high,32,R1,4,resource_fraction,0.017973356699507004
patchy_high,32,R1,5,resource_fraction,0.0023654340047911115
patchy_high,32,R1,6,resource_fraction,-0.0021339804906871374
patchy_high,32,R1,7,resource_fraction,-0.00977436980145141
patchy_high,32,R1,8,resource_fraction,-0.025903190278687205
patchy_high,32,R1,9,resource_fraction,-0.0016854461905675966
patchy_high,32,R1,0,reserve_welfare,0.006932805220247196
patchy_high,32,R1,1,reserve_welfare,0.019492068293889386
patchy_high,32,R1,2,reserve_welfare,0.0
patchy_high,32,R1,3,reserve_welfare,0.0
patchy_high,32,R1,4,reserve_welfare,0.004567556646269955
patchy_high,32,R1,5,reserve_welfare,-0.0003680502071276015
patchy_high,32,R1,6,reserve_welfare,0.013422885451604527
patchy_high,32,R1,7,reserve_welfare,-0.03861504615415434
patchy_high,32,R1,8,reserve_welfare,-0.007583593169802616
patchy_high,32,R1,9,reserve_welfare,-0.007675656111766571
patchy_high,32,R1,0,wealth_gini,0.007375794088487098
patchy_high,32,R1,1,wealth_gini,0.014137019238056714
patchy_high,32,R1,2,wealth_gini,4.408974734332327e-05
patchy_high,32,R1,3,wealth_gini,0.00010687397814851396
patchy_high,32,R1,4,wealth_gini,0.0005638767325605865
patchy_high,32,R1,5,wealth_gini,-0.0005691886626377207
patchy_high,32,R1,6,wealth_gini,0.01140238513705727
patchy_high,32,R1,7,wealth_gini,0.07369754272748757
patchy_high,32,R1,8,wealth_gini,-0.018247261389589042
patchy_high,32,R1,9,wealth_gini,0.023600439598602974
patchy_high,64,R1,0,resource_fraction,0.0007923559798191926
patchy_high,64,R1,1,resource_fraction,0.039190853820738406
patchy_high,64,R1,2,resource_fraction,0.001351650356077802
patchy_high,64,R1,3,resource_fraction,-0.008577367779048092
patchy_high,64,R1,4,resource_fraction,-0.017451788673302215
patchy_high,64,R1,5,resource_fraction,-0.008941059793716982
patchy_high,64,R1,6,resource_fraction,-0.013039533437792808
patchy_high,64,R1,7,resource_fraction,-0.0048354288910183035
patchy_high,64,R1,8,resource_fraction,0.045500713034966694
patchy_high,64,R1,9,resource_fraction,0.014083365098805103
patchy_high,64,R1,0,reserve_welfare,0.008239476802137546
patchy_high,64,R1,1,reserve_welfare,0.16266957371820667
patchy_high,64,R1,2,reserve_welfare,0.01820578201591927
patchy_high,64,R1,3,reserve_welfare,-0.010937222344904018
patchy_high,64,R1,4,reserve_welfare,-0.09165090158490619
patchy_high,64,R1,5,reserve_welfare,-0.018110031812490823
patchy_high,64,R1,6,reserve_welfare,-0.0294123742214496
patchy_high,64,R1,7,reserve_welfare,-0.027962182959144433
patchy_high,64,R1,8,reserve_welfare,0.14081618869433987
patchy_high,64,R1,9,reserve_welfare,0.050435999004269205
patchy_high,64,R1,0,wealth_gini,-0.01353859328868201
patchy_high,64,R1,1,wealth_gini,-0.09762756981128229
patchy_high,64,R1,2,wealth_gini,-0.007943553402057546
patchy_high,64,R1,3,wealth_gini,-0.015966366275168786
patchy_high,64,R1,4,wealth_gini,0.0577188081850733
patchy_high,64,R1,5,wealth_gini,0.0219806433879155
patchy_high,64,R1,6,wealth_gini,0.012512267705999003
patchy_high,64,R1,7,wealth_gini,0.02270327098483005
patchy_high,64,R1,8,wealth_gini,-0.0108884290393374
patchy_high,64,R1,9,wealth_gini,-0.01641301938768769
split_high_low,32,R1,0,resource_fraction,0.020559701953680065
split_high_low,32,R1,1,resource_fraction,0.01064967469547523
split_high_low,32,R1,2,resource_fraction,-0.00035280274499149833
split_high_low,32,R1,3,resource_fraction,0.0019477844996679816
split_high_low,32,R1,4,resource_fraction,-0.05378837651450119
split_high_low,32,R1,5,resource_fraction,-0.025304663455701593
split_high_low,32,R1,6,resource_fraction,-0.03362536693373819
split_high_low,32,R1,7,resource_fraction,-0.017521489249204714
split_high_low,32,R1,8,resource_fraction,-0.008616798174085505
split_high_low,32,R1,9,resource_fraction,-0.10441774445278351
split_high_low,32,R1,0,reserve_welfare,0.006716232317826032
split_high_low,32,R1,1,reserve_welfare,-9.594304150839505e-05
split_high_low,32,R1,2,reserve_welfare,-0.0013822411218612496
split_high_low,32,R1,3,reserve_welfare,0.0026535703699853697
split_high_low,32,R1,4,reserve_welfare,-0.023963514173484857
split_high_low,32,R1,5,reserve_welfare,-0.02058206729269818
split_high_low,32,R1,6,reserve_welfare,-0.02972473649111118
split_high_low,32,R1,7,reserve_welfare,-0.029584188031335334
split_high_low,32,R1,8,reserve_welfare,0.01262979862038105
split_high_low,32,R1,9,reserve_welfare,-0.050649139646079866
split_high_low,32,R1,0,wealth_gini,0.030570848984687204
split_high_low,32,R1,1,wealth_gini,0.012618176011704785
split_high_low,32,R1,2,wealth_gini,2.5650935478793713e-05
split_high_low,32,R1,3,wealth_gini,-0.0007329302931008974
split_high_low,32,R1,4,wealth_gini,0.02814098413274463
split_high_low,32,R1,5,wealth_gini,0.017355967852533905
split_high_low,32,R1,6,wealth_gini,0.008698088446217112
split_high_low,32,R1,7,wealth_gini,-0.0018240564511748936
split_high_low,32,R1,8,wealth_gini,0.009535403396176534
split_high_low,32,R1,9,wealth_gini,0.008743482922495494
split_high_low,64,R1,0,resource_fraction,-0.05227759490050819
split_high_low,64,R1,1,resource_fraction,-0.007016374415762278
split_high_low,64,R1,2,resource_fraction,0.0016472217037625941
split_high_low,64,R1,3,resource_fraction,0.0552239572108274
split_high_low,64,R1,4,resource_fraction,-0.028883487796320606
split_high_low,64,R1,5,resource_fraction,0.013112225119410792
split_high_low,64,R1,6,resource_fraction,-0.016026131274113897
split_high_low,64,R1,7,resource_fraction,-0.008213804604440905
split_high_low,64,R1,8,resource_fraction,-0.014138351839081492
split_high_low,64,R1,9,resource_fraction,-0.004150855926409097
split_high_low,64,R1,0,reserve_welfare,-0.03855462028815726
split_high_low,64,R1,1,reserve_welfare,-0.02014549330871529
split_high_low,64,R1,2,reserve_welfare,0.009092023885969858
split_high_low,64,R1,3,reserve_welfare,0.1290420485097683
split_high_low,64,R1,4,reserve_welfare,-0.09177534786365626
split_high_low,64,R1,5,reserve_welfare,0.0798906439571403
split_high_low,64,R1,6,reserve_welfare,0.014050657428746227
split_high_low,64,R1,7,reserve_welfare,0.0017596656683772638
split_high_low,64,R1,8,reserve_welfare,-0.051278367958936255
split_high_low,64,R1,9,reserve_welfare,-0.023469432603989482
split_high_low,64,R1,0,wealth_gini,-0.018407847074084938
split_high_low,64,R1,1,wealth_gini,-0.0029126201205993407
split_high_low,64,R1,2,wealth_gini,-0.0033434982148936587
split_high_low,64,R1,3,wealth_gini,-0.05693485889041949
split_high_low,64,R1,4,wealth_gini,0.013205911174756446
split_high_low,64,R1,5,wealth_gini,-0.0350423287614956
split_high_low,64,R1,6,wealth_gini,-0.03309967858193086
split_high_low,64,R1,7,wealth_gini,-0.015781729816890744
split_high_low,64,R1,8,wealth_gini,0.03176802617919616
split_high_low,64,R1,9,wealth_gini,0.02034925052839287
uniform_high,32,R1,0,resource_fraction,0.014805878659601812
uniform_high,32,R1,1,resource_fraction,0.01185847079788055
uniform_high,32,R1,2,resource_fraction,-3.670615464598792e-05
uniform_high,32,R1,3,resource_fraction,0.012612577584848489
uniform_high,32,R1,4,resource_fraction,-0.019905787760071236
uniform_high,32,R1,5,resource_fraction,-0.000351143400991516
uniform_high,32,R1,6,resource_fraction,-0.01042612754774308
uniform_high,32,R1,7,resource_fraction,0.0
uniform_high,32,R1,8,resource_fraction,0.012031865741291614
uniform_high,32,R1,9,resource_fraction,0.0005870991615680166
uniform_high,32,R1,0,reserve_welfare,0.00017893348992703562
uniform_high,32,R1,1,reserve_welfare,0.0016069139405550104
uniform_high,32,R1,2,reserve_welfare,0.0
uniform_high,32,R1,3,reserve_welfare,-3.576910920621845e-05
uniform_high,32,R1,4,reserve_welfare,-0.05055780539596877
uniform_high,32,R1,5,reserve_welfare,-0.0006045213744091393
uniform_high,32,R1,6,reserve_welfare,-0.08396650444459475
uniform_high,32,R1,7,reserve_welfare,0.0
uniform_high,32,R1,8,reserve_welfare,-0.003017874553262745
uniform_high,32,R1,9,reserve_welfare,0.0009469649394320268
uniform_high,32,R1,0,wealth_gini,-0.002652071060699368
uniform_high,32,R1,1,wealth_gini,-0.005022388311891779
uniform_high,32,R1,2,wealth_gini,-3.2153415430169474e-05
uniform_high,32,R1,3,wealth_gini,-0.005106121802029406
uniform_high,32,R1,4,wealth_gini,0.05849246409164682
uniform_high,32,R1,5,wealth_gini,0.00047171746807328496
uniform_high,32,R1,6,wealth_gini,0.018261988444079724
uniform_high,32,R1,7,wealth_gini,0.0
uniform_high,32,R1,8,wealth_gini,-0.0029121444125959073
uniform_high,32,R1,9,wealth_gini,-0.00092822606455778
uniform_high,64,R1,0,resource_fraction,0.0018891145916520996
uniform_high,64,R1,1,resource_fraction,0.0016353286643767118
uniform_high,64,R1,2,resource_fraction,0.008801316325383196
uniform_high,64,R1,3,resource_fraction,0.0201148876225314
uniform_high,64,R1,4,resource_fraction,0.008939484421675303
uniform_high,64,R1,5,resource_fraction,-0.011066324487165602
uniform_high,64,R1,6,resource_fraction,0.0342294398529772
uniform_high,64,R1,7,resource_fraction,0.04169832284463179
uniform_high,64,R1,8,resource_fraction,0.017621257298951087
uniform_high,64,R1,9,resource_fraction,-0.0228881427615399
uniform_high,64,R1,0,reserve_welfare,0.037500447311013874
uniform_high,64,R1,1,reserve_welfare,-0.03279111799942891
uniform_high,64,R1,2,reserve_welfare,0.004925427693586837
uniform_high,64,R1,3,reserve_welfare,-0.007098074660214948
uniform_high,64,R1,4,reserve_welfare,0.060887454558008924
uniform_high,64,R1,5,reserve_welfare,-0.054872855216400285
uniform_high,64,R1,6,reserve_welfare,0.0850133544836229
uniform_high,64,R1,7,reserve_welfare,0.13748688831059885
uniform_high,64,R1,8,reserve_welfare,0.03552959313199344
uniform_high,64,R1,9,reserve_welfare,-0.1161734870214598
uniform_high,64,R1,0,wealth_gini,-0.023305522572665938
uniform_high,64,R1,1,wealth_gini,0.02127794560397539
uniform_high,64,R1,2,wealth_gini,0.03266558292524668
uniform_high,64,R1,3,wealth_gini,0.020099689282939925
uniform_high,64,R1,4,wealth_gini,-0.0383653276683682
uniform_high,64,R1,5,wealth_gini,0.04956251569501141
uniform_high,64,R1,6,wealth_gini,-0.020871617188592317
uniform_high,64,R1,7,wealth_gini,-0.07511116906703985
uniform_high,64,R1,8,wealth_gini,0.010726491285307338
uniform_high,64,R1,9,wealth_gini,0.04567949441186786
patchy_high,32,R2,0,resource_fraction,0.002316768807165137
patchy_high,32,R2,1,resource_fraction,0.006594435701525292
patchy_high,32,R2,2,resource_fraction,7.758461014620299e-05
patchy_high,32,R2,3,resource_fraction,-0.00018377288697871141
patchy_high,32,R2,4,resource_fraction,-0.01267231821904441
patchy_high,32,R2,5,resource_fraction,-0.001444058036196294
patchy_high,32,R2,6,resource_fraction,0.026419116397162323
patchy_high,32,R2,7,resource_fraction,-0.07475655205519349
patchy_high,32,R2,8,resource_fraction,0.00420003735822666
patchy_high,32,R2,9,resource_fraction,-0.0002869001320305875
patchy_high,32,R2,0,reserve_welfare,0.00563802653497103
patchy_high,32,R2,1,reserve_welfare,2.484999193441695e-05
patchy_high,32,R2,2,reserve_welfare,0.0
patchy_high,32,R2,3,reserve_welfare,0.0
patchy_high,32,R2,4,reserve_welfare,-0.03279509696849159
patchy_high,32,R2,5,reserve_welfare,-0.0007473800658516216
patchy_high,32,R2,6,reserve_welfare,0.11016059972876824
patchy_high,32,R2,7,reserve_welfare,-0.029075584578187375
patchy_high,32,R2,8,reserve_welfare,0.020901106506275302
patchy_high,32,R2,9,reserve_welfare,0.00012821377027483205
patchy_high,32,R2,0,wealth_gini,-0.009098958728849693
patchy_high,32,R2,1,wealth_gini,-0.006805900805531007
patchy_high,32,R2,2,wealth_gini,4.408974734332327e-05
patchy_high,32,R2,3,wealth_gini,0.0003901243788808628
patchy_high,32,R2,4,wealth_gini,0.019660554189330715
patchy_high,32,R2,5,wealth_gini,0.0010523330647533857
patchy_high,32,R2,6,wealth_gini,-0.03693849173978769
patchy_high,32,R2,7,wealth_gini,-0.01135895160144984
patchy_high,32,R2,8,wealth_gini,-0.02868638193182499
patchy_high,32,R2,9,wealth_gini,-0.0007032584712389767
patchy_high,64,R2,0,resource_fraction,0.03199776509172231
patchy_high,64,R2,1,resource_fraction,-0.02290554735683871
patchy_high,64,R2,2,resource_fraction,-0.008036882403441997
patchy_high,64,R2,3,resource_fraction,-0.037231194687112085
patchy_high,64,R2,4,resource_fraction,0.04557131679303569
patchy_high,64,R2,5,resource_fraction,0.016401368206514194
patchy_high,64,R2,6,resource_fraction,0.009752238885527703
patchy_high,64,R2,7,resource_fraction,-0.02980788492263549
patchy_high,64,R2,8,resource_fraction,-0.015237192421122397
patchy_high,64,R2,9,resource_fraction,0.0029122462869849985
patchy_high,64,R2,0,reserve_welfare,0.1217441745100385
patchy_high,64,R2,1,reserve_welfare,-0.10940819448335459
patchy_high,64,R2,2,reserve_welfare,0.048749712793153765
patchy_high,64,R2,3,reserve_welfare,-0.03779521533003194
patchy_high,64,R2,4,reserve_welfare,0.13611438812228616
patchy_high,64,R2,5,reserve_welfare,0.08841932092550109
patchy_high,64,R2,6,reserve_welfare,0.006664249279005885
patchy_high,64,R2,7,reserve_welfare,-0.13557346200572584
patchy_high,64,R2,8,reserve_welfare,-0.019391779753060834
patchy_high,64,R2,9,reserve_welfare,0.01619845371748263
patchy_high,64,R2,0,wealth_gini,-0.05448576822498663
patchy_high,64,R2,1,wealth_gini,0.001086923898415082
patchy_high,64,R2,2,wealth_gini,-0.05987437465485529
patchy_high,64,R2,3,wealth_gini,-0.02673665348616039
patchy_high,64,R2,4,wealth_gini,-0.04649036330677919
patchy_high,64,R2,5,wealth_gini,-0.0509841127322172
patchy_high,64,R2,6,wealth_gini,0.025797132581786897
patchy_high,64,R2,7,wealth_gini,0.09361243339834746
patchy_high,64,R2,8,wealth_gini,0.0053797090186814
patchy_high,64,R2,9,wealth_gini,0.00010401381752506156
split_high_low,32,R2,0,resource_fraction,0.004018090430224108
split_high_low,32,R2,1,resource_fraction,0.03612427061149809
split_high_low,32,R2,2,resource_fraction,0.0010333489833377896
split_high_low,32,R2,3,resource_fraction,-0.002079768937289117
split_high_low,32,R2,4,resource_fraction,-0.02614926411079821
split_high_low,32,R2,5,resource_fraction,0.028465636369969516
split_high_low,32,R2,6,resource_fraction,-0.04032594650758331
split_high_low,32,R2,7,resource_fraction,0.019684538359173
split_high_low,32,R2,8,resource_fraction,-0.030646623306754495
split_high_low,32,R2,9,resource_fraction,-0.11582811704050339
split_high_low,32,R2,0,reserve_welfare,0.004291931224312262
split_high_low,32,R2,1,reserve_welfare,0.01823853976796197
split_high_low,32,R2,2,reserve_welfare,0.005368845644163067
split_high_low,32,R2,3,reserve_welfare,-0.007797013420897114
split_high_low,32,R2,4,reserve_welfare,-0.023648433427488236
split_high_low,32,R2,5,reserve_welfare,0.027463379145954425
split_high_low,32,R2,6,reserve_welfare,-0.05654407772496839
split_high_low,32,R2,7,reserve_welfare,0.009929264108469504
split_high_low,32,R2,8,reserve_welfare,-0.015638818407975763
split_high_low,32,R2,9,reserve_welfare,-0.02777958074272069
split_high_low,32,R2,0,wealth_gini,-0.0036595580418536944
split_high_low,32,R2,1,wealth_gini,-0.020789587382897157
split_high_low,32,R2,2,wealth_gini,-0.0006038477352567906
split_high_low,32,R2,3,wealth_gini,-0.0019321687376712693
split_high_low,32,R2,4,wealth_gini,0.04144398243750702
split_high_low,32,R2,5,wealth_gini,0.007474149665930296
split_high_low,32,R2,6,wealth_gini,0.010190976565251919
split_high_low,32,R2,7,wealth_gini,-0.02818641365621427
split_high_low,32,R2,8,wealth_gini,-0.0220840669326543
split_high_low,32,R2,9,wealth_gini,-0.031917295277197055
split_high_low,64,R2,0,resource_fraction,-0.0018979546933706043
split_high_low,64,R2,1,resource_fraction,0.014210519501570193
split_high_low,64,R2,2,resource_fraction,0.02603263992870221
split_high_low,64,R2,3,resource_fraction,0.0033736472354295027
split_high_low,64,R2,4,resource_fraction,0.004210865591480706
split_high_low,64,R2,5,resource_fraction,0.017191299283771888
split_high_low,64,R2,6,resource_fraction,0.022820291130746698
split_high_low,64,R2,7,resource_fraction,0.014261322654070901
split_high_low,64,R2,8,resource_fraction,0.001414666974126011
split_high_low,64,R2,9,resource_fraction,0.0007640748753443977
split_high_low,64,R2,0,reserve_welfare,0.022046255511395385
split_high_low,64,R2,1,reserve_welfare,0.02072681347571126
split_high_low,64,R2,2,reserve_welfare,-0.0031547701847950416
split_high_low,64,R2,3,reserve_welfare,-0.016250437806498486
split_high_low,64,R2,4,reserve_welfare,0.018078727950319284
split_high_low,64,R2,5,reserve_welfare,0.045621389084660735
split_high_low,64,R2,6,reserve_welfare,0.045810391605693
split_high_low,64,R2,7,reserve_welfare,0.03769739534815364
split_high_low,64,R2,8,reserve_welfare,-0.004331778969154043
split_high_low,64,R2,9,reserve_welfare,-0.0038464317685714677
split_high_low,64,R2,0,wealth_gini,-0.01821315661486156
split_high_low,64,R2,1,wealth_gini,-0.007009420333718763
split_high_low,64,R2,2,wealth_gini,0.02365342054362385
split_high_low,64,R2,3,wealth_gini,0.022911026433200865
split_high_low,64,R2,4,wealth_gini,-0.012877235733436798
split_high_low,64,R2,5,wealth_gini,-0.020658076322713104
split_high_low,64,R2,6,wealth_gini,0.006754988799672068
split_high_low,64,R2,7,wealth_gini,-0.007041825111802069
split_high_low,64,R2,8,wealth_gini,0.014862103938615645
split_high_low,64,R2,9,wealth_gini,0.01393201691863255
uniform_high,32,R2,0,resource_fraction,-0.004821585714242793
uniform_high,32,R2,1,resource_fraction,0.012014475406676772
uniform_high,32,R2,2,resource_fraction,-3.670615464598792e-05
uniform_high,32,R2,3,resource_fraction,8.783152449398646e-05
uniform_high,32,R2,4,resource_fraction,-0.009971191027274229
uniform_high,32,R2,5,resource_fraction,-0.00039790633991648727
uniform_high,32,R2,6,resource_fraction,-0.00529514852302343
uniform_high,32,R2,7,resource_fraction,-0.001486311027474596
uniform_high,32,R2,8,resource_fraction,0.018497002247336303
uniform_high,32,R2,9,resource_fraction,-0.009526735199855085
uniform_high,32,R2,0,reserve_welfare,9.07471168476448e-06
uniform_high,32,R2,1,reserve_welfare,0.002137250285627279
uniform_high,32,R2,2,reserve_welfare,0.0
uniform_high,32,R2,3,reserve_welfare,0.0
uniform_high,32,R2,4,reserve_welfare,-0.03561657330762513
uniform_high,32,R2,5,reserve_welfare,-0.0026287826621193
uniform_high,32,R2,6,reserve_welfare,0.01024155765547119
uniform_high,32,R2,7,reserve_welfare,-0.018785324178893004
uniform_high,32,R2,8,reserve_welfare,0.01756795304585612
uniform_high,32,R2,9,reserve_welfare,-0.011714212401396362
uniform_high,32,R2,0,wealth_gini,-0.022515165523468106
uniform_high,32,R2,1,wealth_gini,-0.004881282205261961
uniform_high,32,R2,2,wealth_gini,-3.2153415430169474e-05
uniform_high,32,R2,3,wealth_gini,-0.00048461476182426466
uniform_high,32,R2,4,wealth_gini,0.048389579306362895
uniform_high,32,R2,5,wealth_gini,0.0017686069258655013
uniform_high,32,R2,6,wealth_gini,0.0078651620897629
uniform_high,32,R2,7,wealth_gini,0.004543529149527992
uniform_high,32,R2,8,wealth_gini,-0.02268832061679199
uniform_high,32,R2,9,wealth_gini,0.024118973845266733
uniform_high,64,R2,0,resource_fraction,0.023097880772784102
uniform_high,64,R2,1,resource_fraction,0.0612975201582133
uniform_high,64,R2,2,resource_fraction,-0.03423421221661291
uniform_high,64,R2,3,resource_fraction,-0.0030288327927800035
uniform_high,64,R2,4,resource_fraction,-0.0222186265777492
uniform_high,64,R2,5,resource_fraction,0.004038329847859595
uniform_high,64,R2,6,resource_fraction,0.0104886285083014
uniform_high,64,R2,7,resource_fraction,0.0005335703824082966
uniform_high,64,R2,8,resource_fraction,0.0035477273835428924
uniform_high,64,R2,9,resource_fraction,-0.0029159399030534022
uniform_high,64,R2,0,reserve_welfare,0.07302398194131055
uniform_high,64,R2,1,reserve_welfare,0.13459022970589252
uniform_high,64,R2,2,reserve_welfare,-0.0013659942273758219
uniform_high,64,R2,3,reserve_welfare,-0.07858455864746094
uniform_high,64,R2,4,reserve_welfare,-0.05130017969035683
uniform_high,64,R2,5,reserve_welfare,0.09530514917228516
uniform_high,64,R2,6,reserve_welfare,0.04147901953177824
uniform_high,64,R2,7,reserve_welfare,-0.00435101567006313
uniform_high,64,R2,8,reserve_welfare,0.04867669932017582
uniform_high,64,R2,9,reserve_welfare,-0.021472985230285513
uniform_high,64,R2,0,wealth_gini,-0.018729730621492025
uniform_high,64,R2,1,wealth_gini,-0.09577575570272595
uniform_high,64,R2,2,wealth_gini,-0.036377504012486295
uniform_high,64,R2,3,wealth_gini,0.025829919952342406
uniform_high,64,R2,4,wealth_gini,0.009110259413491917
uniform_high,64,R2,5,wealth_gini,-0.04274769314787186
uniform_high,64,R2,6,wealth_gini,-0.013408988762677987
uniform_high,64,R2,7,wealth_gini,0.006266637442576384
uniform_high,64,R2,8,wealth_gini,0.018605741408033616
uniform_high,64,R2,9,wealth_gini,0.008972316561106697
patchy_high,32,R3,0,resource_fraction,-0.014602051264096305
patchy_high,32,R3,1,resource_fraction,-0.018354203015913395
patchy_high,32,R3,2,resource_fraction,6.291718563888882e-05
patchy_high,32,R3,3,resource_fraction,-0.00013667432493019716
patchy_high,32,R3,4,resource_fraction,0.01962636329820988
patchy_high,32,R3,5,resource_fraction,-0.0009639951262965241
patchy_high,32,R3,6,resource_fraction,0.03764272992626588
patchy_high,32,R3,7,resource_fraction,0.020710424867755983
patchy_high,32,R3,8,resource_fraction,-0.01891893510232112
patchy_high,32,R3,9,resource_fraction,0.03473557518979409
patchy_high,32,R3,0,reserve_welfare,0.006084038243486023
patchy_high,32,R3,1,reserve_welfare,-0.01977246832001267
patchy_high,32,R3,2,reserve_welfare,0.0
patchy_high,32,R3,3,reserve_welfare,0.0
patchy_high,32,R3,4,reserve_welfare,0.027521353371586343
patchy_high,32,R3,5,reserve_welfare,-0.0007710441780196531
patchy_high,32,R3,6,reserve_welfare,0.10322288787313316
patchy_high,32,R3,7,reserve_welfare,0.004379198531473283
patchy_high,32,R3,8,reserve_welfare,0.017666404892264342
patchy_high,32,R3,9,reserve_welfare,0.01450311496876
patchy_high,32,R3,0,wealth_gini,-0.047451813857982306
patchy_high,32,R3,1,wealth_gini,-0.0070351532866735345
patchy_high,32,R3,2,wealth_gini,1.7862512914412765e-05
patchy_high,32,R3,3,wealth_gini,0.0002809929111409204
patchy_high,32,R3,4,wealth_gini,-0.014579020825417066
patchy_high,32,R3,5,wealth_gini,0.000832910135974585
patchy_high,32,R3,6,wealth_gini,-0.0352066882492415
patchy_high,32,R3,7,wealth_gini,-0.011373269454258261
patchy_high,32,R3,8,wealth_gini,0.0018397676399584117
patchy_high,32,R3,9,wealth_gini,-0.02287229053230777
patchy_high,64,R3,0,resource_fraction,-0.020236624490741803
patchy_high,64,R3,1,resource_fraction,0.015996573484613585
patchy_high,64,R3,2,resource_fraction,0.009067749621159998
patchy_high,64,R3,3,resource_fraction,-0.050849781249434595
patchy_high,64,R3,4,resource_fraction,0.0824232166942289
patchy_high,64,R3,5,resource_fraction,-0.003354816130330604
patchy_high,64,R3,6,resource_fraction,0.00808596920309479
patchy_high,64,R3,7,resource_fraction,-0.0011431481593747878
patchy_high,64,R3,8,resource_fraction,0.056422892594170215
patchy_high,64,R3,9,resource_fraction,-0.01831580245803391
patchy_high,64,R3,0,reserve_welfare,-0.03253104637843873
patchy_high,64,R3,1,reserve_welfare,0.029396159252776166
patchy_high,64,R3,2,reserve_welfare,0.0666152107681186
patchy_high,64,R3,3,reserve_welfare,-0.08820229054729178
patchy_high,64,R3,4,reserve_welfare,0.13161587029996935
patchy_high,64,R3,5,reserve_welfare,-0.03711784399443763
patchy_high,64,R3,6,reserve_welfare,0.0024095984289392858
patchy_high,64,R3,7,reserve_welfare,-0.014083288445754127
patchy_high,64,R3,8,reserve_welfare,0.13358052697541356
patchy_high,64,R3,9,reserve_welfare,-0.04125648537171811
patchy_high,64,R3,0,wealth_gini,-0.01234169681079128
patchy_high,64,R3,1,wealth_gini,-0.019038471221794417
patchy_high,64,R3,2,wealth_gini,-0.043962014093814616
patchy_high,64,R3,3,wealth_gini,0.028827136216153015
patchy_high,64,R3,4,wealth_gini,-0.017892327737552616
patchy_high,64,R3,5,wealth_gini,0.0242799086677834
patchy_high,64,R3,6,wealth_gini,0.027753877958532402
patchy_high,64,R3,7,wealth_gini,0.0022261746364120594
patchy_high,64,R3,8,wealth_gini,-0.030063420006044173
patchy_high,64,R3,9,wealth_gini,-0.0027314167964742064
split_high_low,32,R3,0,resource_fraction,0.000141306510582917
split_high_low,32,R3,1,resource_fraction,0.01991269549606073
split_high_low,32,R3,2,resource_fraction,-0.0007232471411269259
split_high_low,32,R3,3,resource_fraction,0.01950910047420701
split_high_low,32,R3,4,resource_fraction,0.019702494804093473
split_high_low,32,R3,5,resource_fraction,0.01627276431201219
split_high_low,32,R3,6,resource_fraction,0.011318368022382286
split_high_low,32,R3,7,resource_fraction,0.00817332151884903
split_high_low,32,R3,8,resource_fraction,0.0314676673431446
split_high_low,32,R3,9,resource_fraction,0.023886072845750894
split_high_low,32,R3,0,reserve_welfare,-1.5966238382625342e-05
split_high_low,32,R3,1,reserve_welfare,0.0026077215444165747
split_high_low,32,R3,2,reserve_welfare,-0.002287909273189781
split_high_low,32,R3,3,reserve_welfare,0.00976169735119925
split_high_low,32,R3,4,reserve_welfare,0.018641057714154696
split_high_low,32,R3,5,reserve_welfare,0.007651572833809017
split_high_low,32,R3,6,reserve_welfare,0.04505801766875639
split_high_low,32,R3,7,reserve_welfare,0.01091594841768051
split_high_low,32,R3,8,reserve_welfare,0.02559279112359225
split_high_low,32,R3,9,reserve_welfare,-0.0004340488270607734
split_high_low,32,R3,0,wealth_gini,-7.392326673305583e-05
split_high_low,32,R3,1,wealth_gini,0.0027873843109205154
split_high_low,32,R3,2,wealth_gini,0.000385909859466127
split_high_low,32,R3,3,wealth_gini,0.015308616859535107
split_high_low,32,R3,4,wealth_gini,-0.010975082770047218
split_high_low,32,R3,5,wealth_gini,-0.013160826558144212
split_high_low,32,R3,6,wealth_gini,-0.0255094381985444
split_high_low,32,R3,7,wealth_gini,0.015993141684518764
split_high_low,32,R3,8,wealth_gini,-0.009433635051183664
split_high_low,32,R3,9,wealth_gini,-0.00974613371135602
split_high_low,64,R3,0,resource_fraction,-0.008988036563143106
split_high_low,64,R3,1,resource_fraction,0.0233216696775998
split_high_low,64,R3,2,resource_fraction,0.014373062619172108
split_high_low,64,R3,3,resource_fraction,-0.007054857928634195
split_high_low,64,R3,4,resource_fraction,0.006482014157580401
split_high_low,64,R3,5,resource_fraction,-0.008860107822865088
split_high_low,64,R3,6,resource_fraction,-0.001566333546639695
split_high_low,64,R3,7,resource_fraction,-0.054014755501886
split_high_low,64,R3,8,resource_fraction,-0.009813367393468789
split_high_low,64,R3,9,resource_fraction,0.007712568248740406
split_high_low,64,R3,0,reserve_welfare,-0.0154712098594737
split_high_low,64,R3,1,reserve_welfare,0.021522253226613386
split_high_low,64,R3,2,reserve_welfare,-0.034407258865932766
split_high_low,64,R3,3,reserve_welfare,-0.04498118105898685
split_high_low,64,R3,4,reserve_welfare,0.034635113467331724
split_high_low,64,R3,5,reserve_welfare,-0.01679133689612511
split_high_low,64,R3,6,reserve_welfare,-0.009198135728643142
split_high_low,64,R3,7,reserve_welfare,-0.0442504555107085
split_high_low,64,R3,8,reserve_welfare,-0.004169769880613794
split_high_low,64,R3,9,reserve_welfare,0.0009526423795277461
split_high_low,64,R3,0,wealth_gini,0.002021038960067889
split_high_low,64,R3,1,wealth_gini,-0.000775029345534417
split_high_low,64,R3,2,wealth_gini,0.021160502241041934
split_high_low,64,R3,3,wealth_gini,0.006515248898323556
split_high_low,64,R3,4,wealth_gini,-0.04634413241639268
split_high_low,64,R3,5,wealth_gini,0.000825124532731758
split_high_low,64,R3,6,wealth_gini,-0.009677461540150034
split_high_low,64,R3,7,wealth_gini,-0.004034594916356049
split_high_low,64,R3,8,wealth_gini,-0.01563877166794403
split_high_low,64,R3,9,wealth_gini,0.0036991593202249096
uniform_high,32,R3,0,resource_fraction,-0.010250882599285527
uniform_high,32,R3,1,resource_fraction,0.0012163047430147067
uniform_high,32,R3,2,resource_fraction,-4.513229403418917e-05
uniform_high,32,R3,3,resource_fraction,-0.0017238884472352
uniform_high,32,R3,4,resource_fraction,0.03755845170297009
uniform_high,32,R3,5,resource_fraction,0.00010054867461228856
uniform_high,32,R3,6,resource_fraction,0.007574086770395783
uniform_high,32,R3,7,resource_fraction,-0.02178609035938478
uniform_high,32,R3,8,resource_fraction,0.002260025752892636
uniform_high,32,R3,9,resource_fraction,-0.0057868888238110094
uniform_high,32,R3,0,reserve_welfare,0.0001741623261040104
uniform_high,32,R3,1,reserve_welfare,0.005301638669715225
uniform_high,32,R3,2,reserve_welfare,0.0
uniform_high,32,R3,3,reserve_welfare,0.0
uniform_high,32,R3,4,reserve_welfare,0.03714931063948357
uniform_high,32,R3,5,reserve_welfare,0.0001272090070011389
uniform_high,32,R3,6,reserve_welfare,0.05163959361210624
uniform_high,32,R3,7,reserve_welfare,-0.00532927576719644
uniform_high,32,R3,8,reserve_welfare,0.004827312059212274
uniform_high,32,R3,9,reserve_welfare,-0.0005998240110259845
uniform_high,32,R3,0,wealth_gini,0.006129537946446106
uniform_high,32,R3,1,wealth_gini,-0.0012503434548302717
uniform_high,32,R3,2,wealth_gini,9.866525013224603e-06
uniform_high,32,R3,3,wealth_gini,-0.005959685411205118
uniform_high,32,R3,4,wealth_gini,-0.0055605786410493074
uniform_high,32,R3,5,wealth_gini,6.86106411443288e-05
uniform_high,32,R3,6,wealth_gini,-0.00638717991773019
uniform_high,32,R3,7,wealth_gini,-0.03968529342452709
uniform_high,32,R3,8,wealth_gini,-0.005886301457229182
uniform_high,32,R3,9,wealth_gini,-0.005465017675354289
uniform_high,64,R3,0,resource_fraction,-0.02817378093801541
uniform_high,64,R3,1,resource_fraction,0.023887142649340887
uniform_high,64,R3,2,resource_fraction,-0.033095337370990616
uniform_high,64,R3,3,resource_fraction,-0.007726145184622099
uniform_high,64,R3,4,resource_fraction,0.0215871047833517
uniform_high,64,R3,5,resource_fraction,0.0014932985069734117
uniform_high,64,R3,6,resource_fraction,0.015441441903902606
uniform_high,64,R3,7,resource_fraction,0.032723273373931314
uniform_high,64,R3,8,resource_fraction,0.009856488696183802
uniform_high,64,R3,9,resource_fraction,0.011685248504877496
uniform_high,64,R3,0,reserve_welfare,-0.00511394341560778
uniform_high,64,R3,1,reserve_welfare,-0.026240529586276873
uniform_high,64,R3,2,reserve_welfare,-0.04810962858866674
uniform_high,64,R3,3,reserve_welfare,0.007141557118134578
uniform_high,64,R3,4,reserve_welfare,-0.0029012516206132766
uniform_high,64,R3,5,reserve_welfare,-0.10402623118108068
uniform_high,64,R3,6,reserve_welfare,0.035311915831227836
uniform_high,64,R3,7,reserve_welfare,0.09799988457658637
uniform_high,64,R3,8,reserve_welfare,-0.04644932390051737
uniform_high,64,R3,9,reserve_welfare,0.037034250929303125
uniform_high,64,R3,0,wealth_gini,-0.036324969226759984
uniform_high,64,R3,1,wealth_gini,0.026078372587895526
uniform_high,64,R3,2,wealth_gini,-0.04870578772536488
uniform_high,64,R3,3,wealth_gini,-0.0030426288576309024
uniform_high,64,R3,4,wealth_gini,0.0424630506796404
uniform_high,64,R3,5,wealth_gini,0.060381228120645725
uniform_high,64,R3,6,wealth_gini,-0.004007755500138599
uniform_high,64,R3,7,wealth_gini,-0.06303492257170573
uniform_high,64,R3,8,wealth_gini,0.034578020336524684
uniform_high,64,R3,9,wealth_gini,0.0028864025437235763
