adaptive_run_id,r0_run_id,adaptive_label,r0_label,rewire_theta,rewire_mu,scenario,population,metric,n_pairs,mean_adaptive_minus_r0,bootstrap_ci_low,bootstrap_ci_high
pilot_v1_r1_mu010,pilot_v1_r0_r1_mu010,R1,"R0 (theta=0, matched mu=0.1)",0.0,0.1,patchy_high,32,resource_fraction,10,-0.0003287498261236,-0.0076411254409953,0.006057321470703
pilot_v1_r1_mu010,pilot_v1_r0_r1_mu010,R1,"R0 (theta=0, matched mu=0.1)",0.0,0.1,patchy_high,32,reserve_welfare,10,-0.0009827030030839,-0.0114926542087626,0.007052760564081
pilot_v1_r1_mu010,pilot_v1_r0_r1_mu010,R1,"R0 (theta=0, matched mu=0.1)",0.0,0.1,patchy_high,32,need_satisfaction,10,-0.0002423889771319,-0.0047747849799329,0.0042346132160669
pilot_v1_r1_mu010,pilot_v1_r0_r1_mu010,R1,"R0 (theta=0, matched mu=0.1)",0.0,0.1,patchy_high,32,deprivation_rate,10,0.000509375,-0.0043781249999999,0.004921875
pilot_v1_r1_mu010,pilot_v1_r0_r1_mu010,R1,"R0 (theta=0, matched mu=0.1)",0.0,0.1,patchy_high,32,wealth_gini,10,0.0112111571195517,-0.0007269119972844,0.0266364527577654
pilot_v1_r1_mu010,pilot_v1_r0_r1_mu010,R1,"R0 (theta=0, matched mu=0.1)",0.0,0.1,patchy_high,32,perception_error,10,0.0080199092741935,-0.0078256205897177,0.0263451291582661
pilot_v1_r1_mu010,pilot_v1_r0_r1_mu010,R1,"R0 (theta=0, matched mu=0.1)",0.0,0.1,patchy_high,32,visibility_gini,10,0.009912109375,-0.0107958984374999,0.030419921875
pilot_v1_r1_mu010,pilot_v1_r0_r1_mu010,R1,"R0 (theta=0, matched mu=0.1)",0.0,0.1,patchy_high,32,majority_mismatch_rate,10,0.0003268342345887,-0.0035030358053336,0.0050799399669762
pilot_v1_r1_mu010,pilot_v1_r0_r1_mu010,R1,"R0 (theta=0, matched mu=0.1)",0.0,0.1,patchy_high,64,resource_fraction,10,0.0048073759715528,-0.007006260583431,0.0197302254809243
pilot_v1_r1_mu010,pilot_v1_r0_r1_mu010,R1,"R0 (theta=0, matched mu=0.1)",0.0,0.1,patchy_high,64,reserve_welfare,10,0.0202294307311977,-0.023069294557283,0.0698748383344405
pilot_v1_r1_mu010,pilot_v1_r0_r1_mu010,R1,"R0 (theta=0, matched mu=0.1)",0.0,0.1,patchy_high,64,need_satisfaction,10,0.0081358667560503,-0.011553769613348,0.0302517866910262
pilot_v1_r1_mu010,pilot_v1_r0_r1_mu010,R1,"R0 (theta=0, matched mu=0.1)",0.0,0.1,patchy_high,64,deprivation_rate,10,-0.0094375,-0.0322453515624999,0.01069546875
pilot_v1_r1_mu010,pilot_v1_r0_r1_mu010,R1,"R0 (theta=0, matched mu=0.1)",0.0,0.1,patchy_high,64,wealth_gini,10,-0.0047462540940397,-0.0301250710382496,0.0171831246027628
pilot_v1_r1_mu010,pilot_v1_r0_r1_mu010,R1,"R0 (theta=0, matched mu=0.1)",0.0,0.1,patchy_high,64,perception_error,10,-0.004769066220238,-0.0241021217757936,0.0183587802269345
pilot_v1_r1_mu010,pilot_v1_r0_r1_mu010,R1,"R0 (theta=0, matched mu=0.1)",0.0,0.1,patchy_high,64,visibility_gini,10,0.00228271484375,-0.0228302001953124,0.0301919555664062
pilot_v1_r1_mu010,pilot_v1_r0_r1_mu010,R1,"R0 (theta=0, matched mu=0.1)",0.0,0.1,patchy_high,64,majority_mismatch_rate,10,-0.020786413530832,-0.0877652244213947,0.0483867909749126
pilot_v1_r1_mu010,pilot_v1_r0_r1_mu010,R1,"R0 (theta=0, matched mu=0.1)",0.0,0.1,split_high_low,32,resource_fraction,10,-0.0210470080376182,-0.0437277748222479,-0.0015275257891011
pilot_v1_r1_mu010,pilot_v1_r0_r1_mu010,R1,"R0 (theta=0, matched mu=0.1)",0.0,0.1,split_high_low,32,reserve_welfare,10,-0.0133982228489886,-0.0251792391203286,-0.0018494535462367
pilot_v1_r1_mu010,pilot_v1_r0_r1_mu010,R1,"R0 (theta=0, matched mu=0.1)",0.0,0.1,split_high_low,32,need_satisfaction,10,-0.0055508954150326,-0.0122329484620396,0.0002895614092979
pilot_v1_r1_mu010,pilot_v1_r0_r1_mu010,R1,"R0 (theta=0, matched mu=0.1)",0.0,0.1,split_high_low,32,deprivation_rate,10,0.0059499999999999,-0.0003704687499999,0.013378125
pilot_v1_r1_mu010,pilot_v1_r0_r1_mu010,R1,"R0 (theta=0, matched mu=0.1)",0.0,0.1,split_high_low,32,wealth_gini,10,0.0113131615937762,0.0044939203442307,0.0184260464756239
pilot_v1_r1_mu010,pilot_v1_r0_r1_mu010,R1,"R0 (theta=0, matched mu=0.1)",0.0,0.1,split_high_low,32,perception_error,10,-0.0186883316532258,-0.0493679693800403,0.0159463193044354
pilot_v1_r1_mu010,pilot_v1_r0_r1_mu010,R1,"R0 (theta=0, matched mu=0.1)",0.0,0.1,split_high_low,32,visibility_gini,10,-0.013134765625,-0.039505615234375,0.0121606445312499
pilot_v1_r1_mu010,pilot_v1_r0_r1_mu010,R1,"R0 (theta=0, matched mu=0.1)",0.0,0.1,split_high_low,32,majority_mismatch_rate,10,-0.0210321609604187,-0.0804311164026267,0.0311060043344235
pilot_v1_r1_mu010,pilot_v1_r0_r1_mu010,R1,"R0 (theta=0, matched mu=0.1)",0.0,0.1,split_high_low,64,resource_fraction,10,-0.0060723196722635,-0.0213474704450375,0.0111057488084153
pilot_v1_r1_mu010,pilot_v1_r0_r1_mu010,R1,"R0 (theta=0, matched mu=0.1)",0.0,0.1,split_high_low,64,reserve_welfare,10,0.0008611777426547,-0.0332211842552842,0.0404450401729495
pilot_v1_r1_mu010,pilot_v1_r0_r1_mu010,R1,"R0 (theta=0, matched mu=0.1)",0.0,0.1,split_high_low,64,need_satisfaction,10,-0.0002281699032164,-0.0206046757039191,0.0235506559422824
pilot_v1_r1_mu010,pilot_v1_r0_r1_mu010,R1,"R0 (theta=0, matched mu=0.1)",0.0,0.1,split_high_low,64,deprivation_rate,10,-0.0009078125,-0.0246772656249999,0.0199000390624999
pilot_v1_r1_mu010,pilot_v1_r0_r1_mu010,R1,"R0 (theta=0, matched mu=0.1)",0.0,0.1,split_high_low,64,wealth_gini,10,-0.0100199373577969,-0.0258185110408885,0.0057418354192806
pilot_v1_r1_mu010,pilot_v1_r0_r1_mu010,R1,"R0 (theta=0, matched mu=0.1)",0.0,0.1,split_high_low,64,perception_error,10,0.0044727740575396,-0.0115799128844245,0.020051298828125
pilot_v1_r1_mu010,pilot_v1_r0_r1_mu010,R1,"R0 (theta=0, matched mu=0.1)",0.0,0.1,split_high_low,64,visibility_gini,10,0.0300048828125,0.00763916015625,0.0495022583007812
pilot_v1_r1_mu010,pilot_v1_r0_r1_mu010,R1,"R0 (theta=0, matched mu=0.1)",0.0,0.1,split_high_low,64,majority_mismatch_rate,10,0.0007075372371655,-0.0898054418635375,0.088200061264123
pilot_v1_r1_mu010,pilot_v1_r0_r1_mu010,R1,"R0 (theta=0, matched mu=0.1)",0.0,0.1,uniform_high,32,resource_fraction,10,0.0021176127081738,-0.004864542477017,0.0082547582849224
pilot_v1_r1_mu010,pilot_v1_r0_r1_mu010,R1,"R0 (theta=0, matched mu=0.1)",0.0,0.1,uniform_high,32,reserve_welfare,10,-0.0135449662507527,-0.0336758396188517,0.0001807153537685
pilot_v1_r1_mu010,pilot_v1_r0_r1_mu010,R1,"R0 (theta=0, matched mu=0.1)",0.0,0.1,uniform_high,32,need_satisfaction,10,-0.0072680514331694,-0.0178768480458109,-0.0001238901076756
pilot_v1_r1_mu010,pilot_v1_r0_r1_mu010,R1,"R0 (theta=0, matched mu=0.1)",0.0,0.1,uniform_high,32,deprivation_rate,10,0.007890625,0.00010859375,0.0200359374999999
pilot_v1_r1_mu010,pilot_v1_r0_r1_mu010,R1,"R0 (theta=0, matched mu=0.1)",0.0,0.1,uniform_high,32,wealth_gini,10,0.0060573064936595,-0.0024868056382382,0.0198038186570436
pilot_v1_r1_mu010,pilot_v1_r0_r1_mu010,R1,"R0 (theta=0, matched mu=0.1)",0.0,0.1,uniform_high,32,perception_error,10,-0.0146975050403225,-0.0426296188256048,0.0110374483366935
pilot_v1_r1_mu010,pilot_v1_r0_r1_mu010,R1,"R0 (theta=0, matched mu=0.1)",0.0,0.1,uniform_high,32,visibility_gini,10,-0.01181640625,-0.0285681152343749,0.00595703125
pilot_v1_r1_mu010,pilot_v1_r0_r1_mu010,R1,"R0 (theta=0, matched mu=0.1)",0.0,0.1,uniform_high,32,majority_mismatch_rate,10,-0.0029747951327014,-0.009568253344633,0.0012515887437826
pilot_v1_r1_mu010,pilot_v1_r0_r1_mu010,R1,"R0 (theta=0, matched mu=0.1)",0.0,0.1,uniform_high,64,resource_fraction,10,0.0100974684373473,-0.0017990948653578,0.0217014811930962
pilot_v1_r1_mu010,pilot_v1_r0_r1_mu010,R1,"R0 (theta=0, matched mu=0.1)",0.0,0.1,uniform_high,64,reserve_welfare,10,0.015040763059132,-0.0292719750264859,0.0558752215055943
pilot_v1_r1_mu010,pilot_v1_r0_r1_mu010,R1,"R0 (theta=0, matched mu=0.1)",0.0,0.1,uniform_high,64,need_satisfaction,10,0.0051845545901764,-0.021845822895523,0.031425037209028
pilot_v1_r1_mu010,pilot_v1_r0_r1_mu010,R1,"R0 (theta=0, matched mu=0.1)",0.0,0.1,uniform_high,64,deprivation_rate,10,-0.005803125,-0.0325058984375,0.0204840234374999
pilot_v1_r1_mu010,pilot_v1_r0_r1_mu010,R1,"R0 (theta=0, matched mu=0.1)",0.0,0.1,uniform_high,64,wealth_gini,10,0.0022358082707682,-0.0228309160497268,0.025225994193464
pilot_v1_r1_mu010,pilot_v1_r0_r1_mu010,R1,"R0 (theta=0, matched mu=0.1)",0.0,0.1,uniform_high,64,perception_error,10,0.0039248325892857,-0.0053438898189483,0.0124646479724702
pilot_v1_r1_mu010,pilot_v1_r0_r1_mu010,R1,"R0 (theta=0, matched mu=0.1)",0.0,0.1,uniform_high,64,visibility_gini,10,-0.000244140625,-0.0273080444335937,0.025
pilot_v1_r1_mu010,pilot_v1_r0_r1_mu010,R1,"R0 (theta=0, matched mu=0.1)",0.0,0.1,uniform_high,64,majority_mismatch_rate,10,-0.0157972380475103,-0.055526870108364,0.0142602242342254
pilot_v1_r2_mu010,pilot_v1_r0_r2_mu010,R2,"R0 (theta=0.25, matched mu=0.1)",0.25,0.1,patchy_high,32,resource_fraction,10,-0.0049735658455217,-0.0222183151456623,0.0078044020418457
pilot_v1_r2_mu010,pilot_v1_r0_r2_mu010,R2,"R0 (theta=0.25, matched mu=0.1)",0.25,0.1,patchy_high,32,reserve_welfare,10,0.0074234734919693,-0.0121388664511263,0.0339678676321712
pilot_v1_r2_mu010,pilot_v1_r0_r2_mu010,R2,"R0 (theta=0.25, matched mu=0.1)",0.25,0.1,patchy_high,32,need_satisfaction,10,0.0042978428118053,-0.0036021628727035,0.0157494914633123
pilot_v1_r2_mu010,pilot_v1_r0_r2_mu010,R2,"R0 (theta=0.25, matched mu=0.1)",0.25,0.1,patchy_high,32,deprivation_rate,10,-0.00465,-0.01716890625,0.0038065624999999
pilot_v1_r2_mu010,pilot_v1_r0_r2_mu010,R2,"R0 (theta=0.25, matched mu=0.1)",0.25,0.1,patchy_high,32,wealth_gini,10,-0.0072444841898374,-0.0165924068788782,0.0015868273530842
pilot_v1_r2_mu010,pilot_v1_r0_r2_mu010,R2,"R0 (theta=0.25, matched mu=0.1)",0.25,0.1,patchy_high,32,perception_error,10,-0.0032147429435483,-0.0213560433467741,0.0151551978326613
pilot_v1_r2_mu010,pilot_v1_r0_r2_mu010,R2,"R0 (theta=0.25, matched mu=0.1)",0.25,0.1,patchy_high,32,visibility_gini,10,-0.001123046875,-0.017626953125,0.0175793457031249
pilot_v1_r2_mu010,pilot_v1_r0_r2_mu010,R2,"R0 (theta=0.25, matched mu=0.1)",0.25,0.1,patchy_high,32,majority_mismatch_rate,10,0.0048283334223412,-0.0010467189325043,0.0129111482676025
pilot_v1_r2_mu010,pilot_v1_r0_r2_mu010,R2,"R0 (theta=0.25, matched mu=0.1)",0.25,0.1,patchy_high,64,resource_fraction,10,-0.0006583766527365,-0.0165109245351479,0.0160069006241068
pilot_v1_r2_mu010,pilot_v1_r0_r2_mu010,R2,"R0 (theta=0.25, matched mu=0.1)",0.25,0.1,patchy_high,64,reserve_welfare,10,0.0115721647775294,-0.0450611186894843,0.0647307551832825
pilot_v1_r2_mu010,pilot_v1_r0_r2_mu010,R2,"R0 (theta=0.25, matched mu=0.1)",0.25,0.1,patchy_high,64,need_satisfaction,10,0.0031784853131785,-0.0289544897121385,0.0335489314814075
pilot_v1_r2_mu010,pilot_v1_r0_r2_mu010,R2,"R0 (theta=0.25, matched mu=0.1)",0.25,0.1,patchy_high,64,deprivation_rate,10,-0.004165625,-0.0326392968749999,0.0282706640624999
pilot_v1_r2_mu010,pilot_v1_r0_r2_mu010,R2,"R0 (theta=0.25, matched mu=0.1)",0.25,0.1,patchy_high,64,wealth_gini,10,-0.0112591059690243,-0.0366121341995158,0.0193519406523807
pilot_v1_r2_mu010,pilot_v1_r0_r2_mu010,R2,"R0 (theta=0.25, matched mu=0.1)",0.25,0.1,patchy_high,64,perception_error,10,0.0062450520833333,-0.0067856160094245,0.0180828148251487
pilot_v1_r2_mu010,pilot_v1_r0_r2_mu010,R2,"R0 (theta=0.25, matched mu=0.1)",0.25,0.1,patchy_high,64,visibility_gini,10,0.00621337890625,-0.0183242797851562,0.0276248168945312
pilot_v1_r2_mu010,pilot_v1_r0_r2_mu010,R2,"R0 (theta=0.25, matched mu=0.1)",0.25,0.1,patchy_high,64,majority_mismatch_rate,10,0.0124503652722607,-0.0228021928896338,0.0562406365091251
pilot_v1_r2_mu010,pilot_v1_r0_r2_mu010,R2,"R0 (theta=0.25, matched mu=0.1)",0.25,0.1,split_high_low,32,resource_fraction,10,-0.0125703835148725,-0.0404700843282174,0.0106939120516357
pilot_v1_r2_mu010,pilot_v1_r0_r2_mu010,R2,"R0 (theta=0.25, matched mu=0.1)",0.25,0.1,split_high_low,32,reserve_welfare,10,-0.0066115963833189,-0.0223226583938934,0.0071875393891382
pilot_v1_r2_mu010,pilot_v1_r0_r2_mu010,R2,"R0 (theta=0.25, matched mu=0.1)",0.25,0.1,split_high_low,32,need_satisfaction,10,-0.001592837289063,-0.0098553284570043,0.006888625930368
pilot_v1_r2_mu010,pilot_v1_r0_r2_mu010,R2,"R0 (theta=0.25, matched mu=0.1)",0.25,0.1,split_high_low,32,deprivation_rate,10,0.0015187499999999,-0.007255078125,0.010462578125
pilot_v1_r2_mu010,pilot_v1_r0_r2_mu010,R2,"R0 (theta=0.25, matched mu=0.1)",0.25,0.1,split_high_low,32,wealth_gini,10,-0.0050063829095055,-0.0174144189108583,0.0082604838050906
pilot_v1_r2_mu010,pilot_v1_r0_r2_mu010,R2,"R0 (theta=0.25, matched mu=0.1)",0.25,0.1,split_high_low,32,perception_error,10,-0.0048862399193548,-0.0292823235887096,0.0180248954133064
pilot_v1_r2_mu010,pilot_v1_r0_r2_mu010,R2,"R0 (theta=0.25, matched mu=0.1)",0.25,0.1,split_high_low,32,visibility_gini,10,0.013720703125,-0.0140185546874999,0.036865234375
pilot_v1_r2_mu010,pilot_v1_r0_r2_mu010,R2,"R0 (theta=0.25, matched mu=0.1)",0.25,0.1,split_high_low,32,majority_mismatch_rate,10,-0.0315084629166376,-0.0697431328571751,-0.0004624409780921
pilot_v1_r2_mu010,pilot_v1_r0_r2_mu010,R2,"R0 (theta=0.25, matched mu=0.1)",0.25,0.1,split_high_low,64,resource_fraction,10,0.0102381372481871,0.0044939391929153,0.0160768806071256
pilot_v1_r2_mu010,pilot_v1_r0_r2_mu010,R2,"R0 (theta=0.25, matched mu=0.1)",0.25,0.1,split_high_low,64,reserve_welfare,10,0.0162397554246914,0.0033248464173284,0.0288873263556771
pilot_v1_r2_mu010,pilot_v1_r0_r2_mu010,R2,"R0 (theta=0.25, matched mu=0.1)",0.25,0.1,split_high_low,64,need_satisfaction,10,0.0095651479783794,0.0027149971224231,0.0168143095436688
pilot_v1_r2_mu010,pilot_v1_r0_r2_mu010,R2,"R0 (theta=0.25, matched mu=0.1)",0.25,0.1,split_high_low,64,deprivation_rate,10,-0.0092765625,-0.0159287109375,-0.0030747265625
pilot_v1_r2_mu010,pilot_v1_r0_r2_mu010,R2,"R0 (theta=0.25, matched mu=0.1)",0.25,0.1,split_high_low,64,wealth_gini,10,0.0016313842517212,-0.008370117390891,0.011563060338863
pilot_v1_r2_mu010,pilot_v1_r0_r2_mu010,R2,"R0 (theta=0.25, matched mu=0.1)",0.25,0.1,split_high_low,64,perception_error,10,0.0043540302579364,-0.0163198194134424,0.0273731290302579
pilot_v1_r2_mu010,pilot_v1_r0_r2_mu010,R2,"R0 (theta=0.25, matched mu=0.1)",0.25,0.1,split_high_low,64,visibility_gini,10,0.03544921875,0.0076156616210937,0.0634805297851562
pilot_v1_r2_mu010,pilot_v1_r0_r2_mu010,R2,"R0 (theta=0.25, matched mu=0.1)",0.25,0.1,split_high_low,64,majority_mismatch_rate,10,-0.0048532345943027,-0.0418112337301318,0.0386218606234787
pilot_v1_r2_mu010,pilot_v1_r0_r2_mu010,R2,"R0 (theta=0.25, matched mu=0.1)",0.25,0.1,uniform_high,32,resource_fraction,10,-9.362748079254911e-05,-0.0050372001777496,0.0054334963436212
pilot_v1_r2_mu010,pilot_v1_r0_r2_mu010,R2,"R0 (theta=0.25, matched mu=0.1)",0.25,0.1,uniform_high,32,reserve_welfare,10,-0.0038789056851394,-0.0135033183495165,0.0045855242319965
pilot_v1_r2_mu010,pilot_v1_r0_r2_mu010,R2,"R0 (theta=0.25, matched mu=0.1)",0.25,0.1,uniform_high,32,need_satisfaction,10,-0.0007241436355484,-0.0044686027361483,0.0027080817116033
pilot_v1_r2_mu010,pilot_v1_r0_r2_mu010,R2,"R0 (theta=0.25, matched mu=0.1)",0.25,0.1,uniform_high,32,deprivation_rate,10,0.0010374999999999,-0.002571875,0.0055
pilot_v1_r2_mu010,pilot_v1_r0_r2_mu010,R2,"R0 (theta=0.25, matched mu=0.1)",0.25,0.1,uniform_high,32,wealth_gini,10,0.0036084314794009,-0.0080455950283772,0.0170825099169087
pilot_v1_r2_mu010,pilot_v1_r0_r2_mu010,R2,"R0 (theta=0.25, matched mu=0.1)",0.25,0.1,uniform_high,32,perception_error,10,-0.0078117439516129,-0.0280115372983871,0.0109682799899193
pilot_v1_r2_mu010,pilot_v1_r0_r2_mu010,R2,"R0 (theta=0.25, matched mu=0.1)",0.25,0.1,uniform_high,32,visibility_gini,10,-0.004736328125,-0.020313720703125,0.0099633789062499
pilot_v1_r2_mu010,pilot_v1_r0_r2_mu010,R2,"R0 (theta=0.25, matched mu=0.1)",0.25,0.1,uniform_high,32,majority_mismatch_rate,10,0.0002902056412162,-0.0008292812130725,0.0014208093507776
pilot_v1_r2_mu010,pilot_v1_r0_r2_mu010,R2,"R0 (theta=0.25, matched mu=0.1)",0.25,0.1,uniform_high,64,resource_fraction,10,0.0040606045562914,-0.0103883978495594,0.021260295298146
pilot_v1_r2_mu010,pilot_v1_r0_r2_mu010,R2,"R0 (theta=0.25, matched mu=0.1)",0.25,0.1,uniform_high,64,reserve_welfare,10,0.02360003462059,-0.0157174589987388,0.0619583966129067
pilot_v1_r2_mu010,pilot_v1_r0_r2_mu010,R2,"R0 (theta=0.25, matched mu=0.1)",0.25,0.1,uniform_high,64,need_satisfaction,10,0.0177185530450115,-0.0039304898703986,0.0407761919997813
pilot_v1_r2_mu010,pilot_v1_r0_r2_mu010,R2,"R0 (theta=0.25, matched mu=0.1)",0.25,0.1,uniform_high,64,deprivation_rate,10,-0.0176906249999999,-0.0412135156249999,0.0038223828124999
pilot_v1_r2_mu010,pilot_v1_r0_r2_mu010,R2,"R0 (theta=0.25, matched mu=0.1)",0.25,0.1,uniform_high,64,wealth_gini,10,-0.0138254797469703,-0.0358856577438358,0.0059231393420067
pilot_v1_r2_mu010,pilot_v1_r0_r2_mu010,R2,"R0 (theta=0.25, matched mu=0.1)",0.25,0.1,uniform_high,64,perception_error,10,-0.0028532924107142,-0.0194722468687996,0.0140188309151785
pilot_v1_r2_mu010,pilot_v1_r0_r2_mu010,R2,"R0 (theta=0.25, matched mu=0.1)",0.25,0.1,uniform_high,64,visibility_gini,10,0.01270751953125,0.00019287109375,0.0284915161132812
pilot_v1_r2_mu010,pilot_v1_r0_r2_mu010,R2,"R0 (theta=0.25, matched mu=0.1)",0.25,0.1,uniform_high,64,majority_mismatch_rate,10,0.005061314740527,-0.0495853828170348,0.0462402011034
pilot_v1_r3_mu010,pilot_v1_r0_r3_mu010,R3,"R0 (theta=1, matched mu=0.1)",1.0,0.1,patchy_high,32,resource_fraction,10,0.0059802151634107,-0.0057654470181469,0.0190084974281458
pilot_v1_r3_mu010,pilot_v1_r0_r3_mu010,R3,"R0 (theta=1, matched mu=0.1)",1.0,0.1,patchy_high,32,reserve_welfare,10,0.015283348538267,-0.0006117508114726,0.0379230343822446
pilot_v1_r3_mu010,pilot_v1_r0_r3_mu010,R3,"R0 (theta=1, matched mu=0.1)",1.0,0.1,patchy_high,32,need_satisfaction,10,0.0091568083810888,0.0007720251279563,0.0209269114725547
pilot_v1_r3_mu010,pilot_v1_r0_r3_mu010,R3,"R0 (theta=1, matched mu=0.1)",1.0,0.1,patchy_high,32,deprivation_rate,10,-0.009903125,-0.0217142968749999,-0.0007687499999999
pilot_v1_r3_mu010,pilot_v1_r0_r3_mu010,R3,"R0 (theta=1, matched mu=0.1)",1.0,0.1,patchy_high,32,wealth_gini,10,-0.0135546703005892,-0.0235529133928927,-0.0045840961514973
pilot_v1_r3_mu010,pilot_v1_r0_r3_mu010,R3,"R0 (theta=1, matched mu=0.1)",1.0,0.1,patchy_high,32,perception_error,10,0.0108545362903225,-0.0243497240423387,0.0486505651461692
pilot_v1_r3_mu010,pilot_v1_r0_r3_mu010,R3,"R0 (theta=1, matched mu=0.1)",1.0,0.1,patchy_high,32,visibility_gini,10,-0.003515625,-0.0169946289062499,0.0094738769531249
pilot_v1_r3_mu010,pilot_v1_r0_r3_mu010,R3,"R0 (theta=1, matched mu=0.1)",1.0,0.1,patchy_high,32,majority_mismatch_rate,10,0.0070877673536429,-0.0025713229812629,0.0226633624296168
pilot_v1_r3_mu010,pilot_v1_r0_r3_mu010,R3,"R0 (theta=1, matched mu=0.1)",1.0,0.1,patchy_high,64,resource_fraction,10,0.0078096229109351,-0.0130550735665296,0.0305160694606663
pilot_v1_r3_mu010,pilot_v1_r0_r3_mu010,R3,"R0 (theta=1, matched mu=0.1)",1.0,0.1,patchy_high,64,reserve_welfare,10,0.0150426410987576,-0.0258366543090599,0.0617858436862095
pilot_v1_r3_mu010,pilot_v1_r0_r3_mu010,R3,"R0 (theta=1, matched mu=0.1)",1.0,0.1,patchy_high,64,need_satisfaction,10,0.008038922515909,-0.0080841397135635,0.0256262680209287
pilot_v1_r3_mu010,pilot_v1_r0_r3_mu010,R3,"R0 (theta=1, matched mu=0.1)",1.0,0.1,patchy_high,64,deprivation_rate,10,-0.0080453125,-0.0255652734374999,0.0081260156249999
pilot_v1_r3_mu010,pilot_v1_r0_r3_mu010,R3,"R0 (theta=1, matched mu=0.1)",1.0,0.1,patchy_high,64,wealth_gini,10,-0.004294224918759,-0.0192412995837995,0.0104921084315992
pilot_v1_r3_mu010,pilot_v1_r0_r3_mu010,R3,"R0 (theta=1, matched mu=0.1)",1.0,0.1,patchy_high,64,perception_error,10,0.0069181051587301,-0.0101116524057539,0.0238471138702877
pilot_v1_r3_mu010,pilot_v1_r0_r3_mu010,R3,"R0 (theta=1, matched mu=0.1)",1.0,0.1,patchy_high,64,visibility_gini,10,0.01829833984375,-0.00570068359375,0.0452349853515624
pilot_v1_r3_mu010,pilot_v1_r0_r3_mu010,R3,"R0 (theta=1, matched mu=0.1)",1.0,0.1,patchy_high,64,majority_mismatch_rate,10,0.045068449658825,-0.0189588108719099,0.1157827514753732
pilot_v1_r3_mu010,pilot_v1_r0_r3_mu010,R3,"R0 (theta=1, matched mu=0.1)",1.0,0.1,split_high_low,32,resource_fraction,10,0.0149660544185956,0.0090083246487845,0.0206079138029712
pilot_v1_r3_mu010,pilot_v1_r0_r3_mu010,R3,"R0 (theta=1, matched mu=0.1)",1.0,0.1,split_high_low,32,reserve_welfare,10,0.0117490882314975,0.0040565814351539,0.0204831483003289
pilot_v1_r3_mu010,pilot_v1_r0_r3_mu010,R3,"R0 (theta=1, matched mu=0.1)",1.0,0.1,split_high_low,32,need_satisfaction,10,0.0036765894122976,0.0004986223631488,0.0073798314779775
pilot_v1_r3_mu010,pilot_v1_r0_r3_mu010,R3,"R0 (theta=1, matched mu=0.1)",1.0,0.1,split_high_low,32,deprivation_rate,10,-0.00396875,-0.0079042187499999,-0.000512109375
pilot_v1_r3_mu010,pilot_v1_r0_r3_mu010,R3,"R0 (theta=1, matched mu=0.1)",1.0,0.1,split_high_low,32,wealth_gini,10,-0.0034423986841568,-0.0110663540403861,0.0044189906655245
pilot_v1_r3_mu010,pilot_v1_r0_r3_mu010,R3,"R0 (theta=1, matched mu=0.1)",1.0,0.1,split_high_low,32,perception_error,10,0.0173943044354838,0.003833765751008,0.0358712506300403
pilot_v1_r3_mu010,pilot_v1_r0_r3_mu010,R3,"R0 (theta=1, matched mu=0.1)",1.0,0.1,split_high_low,32,visibility_gini,10,0.002587890625,-0.0238317871093749,0.0291552734374999
pilot_v1_r3_mu010,pilot_v1_r0_r3_mu010,R3,"R0 (theta=1, matched mu=0.1)",1.0,0.1,split_high_low,32,majority_mismatch_rate,10,0.0285853830313292,0.0020303127758426,0.068320416696146
pilot_v1_r3_mu010,pilot_v1_r0_r3_mu010,R3,"R0 (theta=1, matched mu=0.1)",1.0,0.1,split_high_low,64,resource_fraction,10,-0.0038408144053544,-0.0161869734476385,0.0067727809940106
pilot_v1_r3_mu010,pilot_v1_r0_r3_mu010,R3,"R0 (theta=1, matched mu=0.1)",1.0,0.1,split_high_low,64,reserve_welfare,10,-0.0112159338727011,-0.025960656541523,0.0042682065822503
pilot_v1_r3_mu010,pilot_v1_r0_r3_mu010,R3,"R0 (theta=1, matched mu=0.1)",1.0,0.1,split_high_low,64,need_satisfaction,10,-0.0089450368423407,-0.0193017404012542,0.0010125195808774
pilot_v1_r3_mu010,pilot_v1_r0_r3_mu010,R3,"R0 (theta=1, matched mu=0.1)",1.0,0.1,split_high_low,64,deprivation_rate,10,0.0084625,-0.00211875,0.0187672656249999
pilot_v1_r3_mu010,pilot_v1_r0_r3_mu010,R3,"R0 (theta=1, matched mu=0.1)",1.0,0.1,split_high_low,64,wealth_gini,10,-0.0042248915933987,-0.0155363095697114,0.0050622047118738
pilot_v1_r3_mu010,pilot_v1_r0_r3_mu010,R3,"R0 (theta=1, matched mu=0.1)",1.0,0.1,split_high_low,64,perception_error,10,-0.0031348524305555,-0.0129100533234126,0.005594275173611
pilot_v1_r3_mu010,pilot_v1_r0_r3_mu010,R3,"R0 (theta=1, matched mu=0.1)",1.0,0.1,split_high_low,64,visibility_gini,10,0.01258544921875,-0.0106454467773437,0.0356585693359374
pilot_v1_r3_mu010,pilot_v1_r0_r3_mu010,R3,"R0 (theta=1, matched mu=0.1)",1.0,0.1,split_high_low,64,majority_mismatch_rate,10,-0.022467759845395,-0.0725983793788239,0.0212019121005274
pilot_v1_r3_mu010,pilot_v1_r0_r3_mu010,R3,"R0 (theta=1, matched mu=0.1)",1.0,0.1,uniform_high,32,resource_fraction,10,0.0009116535120134,-0.007203886766644,0.0109310781375332
pilot_v1_r3_mu010,pilot_v1_r0_r3_mu010,R3,"R0 (theta=1, matched mu=0.1)",1.0,0.1,uniform_high,32,reserve_welfare,10,0.00932901265354,-9.864897522037556e-05,0.0219192708499131
pilot_v1_r3_mu010,pilot_v1_r0_r3_mu010,R3,"R0 (theta=1, matched mu=0.1)",1.0,0.1,uniform_high,32,need_satisfaction,10,0.0052393019196902,9.163923343984708e-06,0.0122065832005596
pilot_v1_r3_mu010,pilot_v1_r0_r3_mu010,R3,"R0 (theta=1, matched mu=0.1)",1.0,0.1,uniform_high,32,deprivation_rate,10,-0.0056062499999999,-0.0131211718749999,5.023437499999894e-05
pilot_v1_r3_mu010,pilot_v1_r0_r3_mu010,R3,"R0 (theta=1, matched mu=0.1)",1.0,0.1,uniform_high,32,wealth_gini,10,-0.0063986384869322,-0.0148142628272493,-0.000629830952045
pilot_v1_r3_mu010,pilot_v1_r0_r3_mu010,R3,"R0 (theta=1, matched mu=0.1)",1.0,0.1,uniform_high,32,perception_error,10,0.010966129032258,-0.0178961372227822,0.0359539572832661
pilot_v1_r3_mu010,pilot_v1_r0_r3_mu010,R3,"R0 (theta=1, matched mu=0.1)",1.0,0.1,uniform_high,32,visibility_gini,10,-0.0162109375,-0.038037109375,0.00546875
pilot_v1_r3_mu010,pilot_v1_r0_r3_mu010,R3,"R0 (theta=1, matched mu=0.1)",1.0,0.1,uniform_high,32,majority_mismatch_rate,10,0.0059046011097014,5.240311249006478e-05,0.0137275572901837
pilot_v1_r3_mu010,pilot_v1_r0_r3_mu010,R3,"R0 (theta=1, matched mu=0.1)",1.0,0.1,uniform_high,64,resource_fraction,10,0.0047678734924933,-0.0088516751582343,0.0165861134431894
pilot_v1_r3_mu010,pilot_v1_r0_r3_mu010,R3,"R0 (theta=1, matched mu=0.1)",1.0,0.1,uniform_high,64,reserve_welfare,10,-0.005535329983751,-0.040155220301816,0.0282850707275599
pilot_v1_r3_mu010,pilot_v1_r0_r3_mu010,R3,"R0 (theta=1, matched mu=0.1)",1.0,0.1,uniform_high,64,need_satisfaction,10,-0.0070611480662297,-0.0270948002072933,0.0129221967761066
pilot_v1_r3_mu010,pilot_v1_r0_r3_mu010,R3,"R0 (theta=1, matched mu=0.1)",1.0,0.1,uniform_high,64,deprivation_rate,10,0.007753125,-0.0120734765625,0.0290706249999999
pilot_v1_r3_mu010,pilot_v1_r0_r3_mu010,R3,"R0 (theta=1, matched mu=0.1)",1.0,0.1,uniform_high,64,wealth_gini,10,0.0011271010386829,-0.0244332367392228,0.024579463427765
pilot_v1_r3_mu010,pilot_v1_r0_r3_mu010,R3,"R0 (theta=1, matched mu=0.1)",1.0,0.1,uniform_high,64,perception_error,10,-0.0007220734126984,-0.009142783048115,0.0083291263640872
pilot_v1_r3_mu010,pilot_v1_r0_r3_mu010,R3,"R0 (theta=1, matched mu=0.1)",1.0,0.1,uniform_high,64,visibility_gini,10,0.0149658203125,0.0006103515625,0.0327883911132812
pilot_v1_r3_mu010,pilot_v1_r0_r3_mu010,R3,"R0 (theta=1, matched mu=0.1)",1.0,0.1,uniform_high,64,majority_mismatch_rate,10,-0.0288566788282111,-0.0931176545296429,0.0215003593786869
