scenario,population,replicate,social_mode,rewiring,unique_policy_count,policy_entropy,policy_hamming_mean,policy_hamming_visit_weighted_mean,visited_state_fraction,total_training_state_visits,total_rewires,mean_rewires_per_agent,mean_prediction_error,visibility_gini,max_visibility_degree,max_visibility_share,reciprocity,degree_assortativity,policy_low_scarce,training_visit_fraction_scarce,policy_low_moderate,training_visit_fraction_moderate,policy_low_abundant,training_visit_fraction_abundant,training_visit_fraction_social_mostly_high,training_visit_fraction_social_mixed,training_visit_fraction_social_mostly_low,policy_low_scarce_mostly_high,training_visit_fraction_scarce_mostly_high,policy_low_scarce_mixed,training_visit_fraction_scarce_mixed,policy_low_scarce_mostly_low,training_visit_fraction_scarce_mostly_low,policy_low_moderate_mostly_high,training_visit_fraction_moderate_mostly_high,policy_low_moderate_mixed,training_visit_fraction_moderate_mixed,policy_low_moderate_mostly_low,training_visit_fraction_moderate_mostly_low,policy_low_abundant_mostly_high,training_visit_fraction_abundant_mostly_high,policy_low_abundant_mixed,training_visit_fraction_abundant_mixed,policy_low_abundant_mostly_low,training_visit_fraction_abundant_mostly_low
uniform_high,32,0,fixed,random_matched,28,0.9452819531114784,0.4301075268817204,0.2110980720766129,0.6666666666666666,160000,21,0.65625,0.09981080664229104,0.2548828125,9,0.0703125,0.078125,0.03426781577463869,0.28125,0.91583125,0.28125,0.08416875,0.5,0.0,0.935125,0.0560875,0.0087875,0.09375,0.8619125,0.4375,0.04706875,0.3125,0.00685,0.25,0.0732125,0.28125,0.00901875,0.3125,0.0019375,0.625,0.0,0.46875,0.0,0.40625,0.0
uniform_high,64,0,fixed,random_matched,59,0.9739583333333334,0.46781305114638444,0.4267594866071428,0.6666666666666666,320000,153,2.390625,0.17512680861694493,0.293212890625,9,0.03515625,0.046875,0.04294670500903288,0.359375,0.99596875,0.3333333333333333,0.00403125,0.5052083333333334,0.0,0.6830031249999999,0.243371875,0.073625,0.28125,0.681471875,0.328125,0.2418,0.46875,0.072696875,0.28125,0.00153125,0.328125,0.001571875,0.390625,0.000928125,0.5,0.0,0.578125,0.0,0.4375,0.0
patchy_high,32,0,fixed,random_matched,25,0.9077819531114784,0.4018817204301075,0.13666328125,0.6666666666666666,160000,25,0.78125,0.11453838737701139,0.20947265625,8,0.0625,0.140625,-0.017677669529663688,0.22916666666666666,0.8759125,0.25,0.1240875,0.5,0.0,0.911975,0.07543125,0.01259375,0.03125,0.80093125,0.375,0.0645375,0.28125,0.01044375,0.28125,0.11104375,0.21875,0.01089375,0.25,0.00215,0.625,0.0,0.46875,0.0,0.40625,0.0
patchy_high,64,0,fixed,random_matched,56,0.9583333333333334,0.456955467372134,0.39107657645089283,0.6666666666666666,320000,162,2.53125,0.17329283383305566,0.2596435546875,10,0.0390625,0.0703125,0.03882072374198441,0.3020833333333333,0.99595,0.3333333333333333,0.00405,0.5052083333333334,0.0,0.691803125,0.238990625,0.06920625,0.234375,0.69025625,0.328125,0.237434375,0.34375,0.068259375,0.265625,0.001546875,0.34375,0.00155625,0.390625,0.000946875,0.5,0.0,0.578125,0.0,0.4375,0.0
split_high_low,32,0,fixed,random_matched,29,0.9625,0.46169354838709675,0.4377798891129032,1.0,160000,30,0.9375,0.13987891678311334,0.25439453125,9,0.0703125,0.09375,-0.06767579200892966,0.4166666666666667,0.7702,0.2708333333333333,0.22932500000000003,0.4895833333333333,0.000475,0.77559375,0.19390000000000002,0.03050625,0.34375,0.61663125,0.46875,0.1320375,0.4375,0.02153125,0.15625,0.15859375,0.25,0.06176875,0.40625,0.0089625,0.59375,0.00036875,0.46875,9.375e-05,0.40625,1.25e-05
split_high_low,64,0,fixed,random_matched,58,0.96875,0.45706569664902996,0.3964198645213294,0.6666666666666666,320000,141,2.203125,0.16362329278813093,0.27880859375,11,0.04296875,0.0625,-0.08411654176753904,0.3020833333333333,0.98898125,0.3541666666666667,0.01101875,0.5052083333333334,0.0,0.716546875,0.21440937499999999,0.06904375,0.25,0.712553125,0.296875,0.210690625,0.359375,0.0657375,0.21875,0.00399375,0.4375,0.00371875,0.40625,0.00330625,0.5,0.0,0.578125,0.0,0.4375,0.0
uniform_high,32,1,fixed,random_matched,30,0.975,0.41689068100358423,0.08860509072580644,0.6666666666666666,160000,14,0.4375,0.09357708418990418,0.27587890625,8,0.0625,0.109375,0.08015232313869289,0.20833333333333334,0.9728,0.3020833333333333,0.027200000000000002,0.5,0.0,0.951,0.042525,0.006475,0.03125,0.9283625,0.28125,0.0391125,0.3125,0.005325,0.3125,0.0226375,0.25,0.0034125,0.34375,0.00115,0.5625,0.0,0.4375,0.0,0.5,0.0
uniform_high,64,1,fixed,random_matched,58,0.9667841471297827,0.46235670194003525,0.44895087735615086,0.6666666666666666,320000,183,2.859375,0.1909345406848605,0.295654296875,12,0.046875,0.0390625,-0.06033663923203715,0.3489583333333333,0.995234375,0.3333333333333333,0.004765625000000001,0.4479166666666667,0.0,0.62155625,0.2763125,0.10213124999999999,0.328125,0.61935625,0.3125,0.274640625,0.40625,0.1012375,0.40625,0.0022,0.1875,0.001671875,0.40625,0.00089375,0.484375,0.0,0.390625,0.0,0.46875,0.0
patchy_high,32,1,fixed,random_matched,30,0.975,0.421594982078853,0.14606673387096775,0.6666666666666666,160000,14,0.4375,0.09302595193985139,0.24462890625,8,0.0625,0.109375,0.056737600445295445,0.21875,0.9835124999999999,0.3020833333333333,0.0164875,0.5,0.0,0.93636875,0.0529625,0.01066875,0.0625,0.92485,0.375,0.04945625,0.21875,0.00920625,0.28125,0.01151875,0.3125,0.00350625,0.3125,0.0014625,0.5625,0.0,0.4375,0.0,0.5,0.0
patchy_high,64,1,fixed,random_matched,56,0.956367480463116,0.4666556437389771,0.44424840959821427,0.6666666666666666,320000,205,3.203125,0.1997802182680116,0.315185546875,10,0.0390625,0.03125,0.06753363131523286,0.359375,0.995415625,0.34375,0.004584375,0.4479166666666667,0.0,0.584159375,0.2997125,0.116128125,0.3125,0.58203125,0.3125,0.2980875,0.453125,0.115296875,0.421875,0.002128125,0.21875,0.001625,0.390625,0.00083125,0.484375,0.0,0.390625,0.0,0.46875,0.0
split_high_low,32,1,fixed,random_matched,32,1.0,0.44310035842293904,0.18936475554435483,0.6666666666666666,160000,14,0.4375,0.11020380030738641,0.27734375,8,0.0625,0.109375,-0.024862096242835495,0.28125,0.86614375,0.34375,0.13385625,0.5,0.0,0.9381937499999999,0.054175,0.007631249999999999,0.0625,0.81875625,0.4375,0.04228125,0.34375,0.00510625,0.4375,0.1194375,0.25,0.01189375,0.34375,0.002525,0.5625,0.0,0.4375,0.0,0.5,0.0
split_high_low,64,1,fixed,random_matched,59,0.9739583333333334,0.4544753086419753,0.4017056594122024,0.8888888888888888,320000,159,2.484375,0.18193786521510813,0.28076171875,8,0.03125,0.0390625,0.03163907492316825,0.2916666666666667,0.93818125,0.3541666666666667,0.06179375,0.4479166666666667,2.5e-05,0.632159375,0.27562812500000006,0.0922125,0.265625,0.596928125,0.25,0.256975,0.359375,0.084278125,0.390625,0.03521875,0.234375,0.018640625,0.4375,0.007934375,0.484375,1.25e-05,0.390625,1.25e-05,0.46875,0.0
uniform_high,32,2,fixed,random_matched,26,0.9202819531114784,0.3803763440860215,0.02452986391129032,0.6666666666666666,160000,16,0.5,0.08680802179065332,0.27001953125,8,0.0625,0.09375,-0.12044359675322706,0.3020833333333333,0.9593375,0.21875,0.040662500000000004,0.5416666666666666,0.0,0.9512375,0.04228125,0.006481250000000001,0.0,0.91716875,0.34375,0.03725,0.5625,0.00491875,0.03125,0.03406875,0.21875,0.00503125,0.40625,0.0015625,0.53125,0.0,0.53125,0.0,0.5625,0.0
uniform_high,64,2,fixed,random_matched,55,0.9491932942595653,0.4489638447971781,0.42183765345982144,0.6666666666666666,320000,159,2.484375,0.1786744643833501,0.2879638671875,11,0.04296875,0.078125,-0.04969216190838259,0.3177083333333333,0.9961656249999999,0.2864583333333333,0.003834375,0.5208333333333334,0.0,0.666696875,0.25203749999999997,0.081265625,0.296875,0.665028125,0.265625,0.250621875,0.390625,0.080515625,0.25,0.00166875,0.25,0.001415625,0.359375,0.00075,0.546875,0.0,0.453125,0.0,0.5625,0.0
patchy_high,32,2,fixed,random_matched,28,0.95,0.38687275985663083,0.02429052419354839,0.6666666666666666,160000,16,0.5,0.08286941139103354,0.28076171875,8,0.0625,0.15625,0.023033878698827254,0.28125,0.96749375,0.20833333333333334,0.03250625,0.5416666666666666,0.0,0.95649375,0.03755625,0.0059499999999999996,0.0,0.930775,0.4375,0.03230625,0.40625,0.0044125,0.0625,0.02571875,0.21875,0.00525,0.34375,0.0015375,0.53125,0.0,0.53125,0.0,0.5625,0.0
patchy_high,64,2,fixed,random_matched,58,0.9667841471297827,0.44494047619047616,0.38633816034226187,0.6666666666666666,320000,177,2.765625,0.18382222134863727,0.2401123046875,7,0.02734375,0.0625,0.0,0.3020833333333333,0.9962718749999999,0.2864583333333333,0.003728125,0.5208333333333334,0.0,0.647778125,0.2613125,0.090909375,0.21875,0.64610625,0.34375,0.25996875,0.34375,0.090196875,0.28125,0.001671875,0.234375,0.00134375,0.34375,0.0007125,0.546875,0.0,0.453125,0.0,0.5625,0.0
split_high_low,32,2,fixed,random_matched,31,0.9875,0.44466845878136196,0.31687883064516126,0.6666666666666666,160000,26,0.8125,0.11507348825573496,0.236328125,8,0.0625,0.125,-0.10687137749124141,0.375,0.885825,0.28125,0.114175,0.5416666666666666,0.0,0.91474375,0.07413125,0.011125,0.1875,0.81485,0.53125,0.06218125,0.40625,0.00879375,0.09375,0.09989375,0.34375,0.01195,0.40625,0.00233125,0.53125,0.0,0.53125,0.0,0.5625,0.0
split_high_low,64,2,fixed,random_matched,62,0.9895833333333334,0.46638007054673725,0.420745027281746,0.6666666666666666,320000,174,2.71875,0.17541339011404658,0.2769775390625,8,0.03125,0.0703125,0.14091628710136006,0.328125,0.9862375,0.3489583333333333,0.0137625,0.5208333333333334,0.0,0.693909375,0.239484375,0.06660625,0.265625,0.686021875,0.390625,0.235184375,0.328125,0.06503125,0.265625,0.0078875,0.40625,0.0043,0.375,0.001575,0.546875,0.0,0.453125,0.0,0.5625,0.0
uniform_high,32,3,fixed,random_matched,27,0.9375,0.38642473118279574,0.027566292842741934,0.6666666666666666,160000,16,0.5,0.08478422448459177,0.2705078125,8,0.0625,0.171875,0.027570061237661186,0.23958333333333334,0.97933125,0.22916666666666666,0.02066875,0.5625,0.0,0.942325,0.047075,0.0106,0.0,0.92968125,0.28125,0.04131875,0.4375,0.00833125,0.125,0.01264375,0.25,0.00575625,0.3125,0.00226875,0.53125,0.0,0.65625,0.0,0.5,0.0
uniform_high,64,3,fixed,random_matched,52,0.9303258137964493,0.4409722222222222,0.3512154343377976,0.6666666666666666,320000,180,2.8125,0.18414140940093038,0.260986328125,10,0.0390625,0.0625,-0.07656309404669148,0.3125,0.99599375,0.2916666666666667,0.00400625,0.5260416666666666,0.0,0.666296875,0.251175,0.08252812500000001,0.1875,0.66483125,0.28125,0.249628125,0.46875,0.081534375,0.296875,0.001465625,0.25,0.001546875,0.328125,0.00099375,0.46875,0.0,0.625,0.0,0.484375,0.0
patchy_high,32,3,fixed,random_matched,27,0.9327819531114784,0.3841845878136201,0.03534390120967742,0.6666666666666666,160000,16,0.5,0.09047626080209101,0.29150390625,9,0.0703125,0.203125,-0.05978160320133688,0.28125,0.973075,0.22916666666666666,0.026925,0.5625,0.0,0.925175,0.0622625,0.012562499999999999,0.0,0.9073625,0.28125,0.0554375,0.5625,0.010275,0.09375,0.0178125,0.28125,0.006825,0.3125,0.0022875,0.53125,0.0,0.65625,0.0,0.5,0.0
patchy_high,64,3,fixed,random_matched,54,0.940742480463116,0.45651455026455023,0.40903908730158733,0.6666666666666666,320000,174,2.71875,0.17646970366294643,0.2230224609375,8,0.03125,0.078125,0.04745601661467418,0.3072916666666667,0.9960937500000001,0.328125,0.0039062499999999996,0.5260416666666666,0.0,0.6685375,0.252371875,0.079090625,0.265625,0.6671625,0.296875,0.250821875,0.359375,0.078109375,0.3125,0.001375,0.28125,0.00155,0.390625,0.00098125,0.46875,0.0,0.625,0.0,0.484375,0.0
split_high_low,32,3,fixed,random_matched,28,0.95,0.4426523297491039,0.4010104586693548,0.6666666666666666,160000,45,1.40625,0.15382876501004378,0.26025390625,8,0.0625,0.171875,-0.025648931485767208,0.3229166666666667,0.7756437500000001,0.28125,0.22435625,0.5625,0.0,0.8106625000000001,0.15946875,0.02986875,0.28125,0.64513125,0.25,0.11075,0.4375,0.0197625,0.21875,0.16553125,0.1875,0.04871875,0.4375,0.01010625,0.53125,0.0,0.65625,0.0,0.5,0.0
split_high_low,64,3,fixed,random_matched,55,0.9491932942595653,0.4702932098765432,0.45396657521081346,0.6666666666666666,320000,190,2.96875,0.19366976625904397,0.263671875,8,0.03125,0.0703125,-0.06326261110303588,0.3854166666666667,0.996140625,0.3229166666666667,0.0038593749999999995,0.5260416666666666,0.0,0.5874125,0.300315625,0.11227187500000001,0.296875,0.5857125,0.421875,0.298971875,0.4375,0.11145625,0.3125,0.0017,0.28125,0.00134375,0.375,0.000815625,0.46875,0.0,0.625,0.0,0.484375,0.0
uniform_high,32,4,fixed,random_matched,28,0.95,0.3924731182795699,0.11724478326612903,0.6666666666666666,160000,50,1.5625,0.12710100188190762,0.22265625,7,0.0546875,0.15625,0.0522043168490348,0.2708333333333333,0.9836374999999999,0.25,0.016362500000000002,0.5625,0.0,0.8768,0.10524375,0.01795625,0.03125,0.86634375,0.46875,0.1007125,0.3125,0.01658125,0.09375,0.01045625,0.1875,0.00453125,0.46875,0.001375,0.5,0.0,0.5625,0.0,0.625,0.0
uniform_high,64,4,fixed,random_matched,53,0.9303258137964493,0.44179894179894186,0.3648862366691468,0.6666666666666666,320000,111,1.734375,0.1794807581507517,0.24951171875,8,0.03125,0.1015625,-0.03324761971271197,0.28125,0.996425,0.328125,0.003575,0.546875,0.0,0.674140625,0.250040625,0.07581875,0.203125,0.672490625,0.3125,0.248759375,0.328125,0.075175,0.3125,0.00165,0.203125,0.00128125,0.46875,0.00064375,0.5,0.0,0.515625,0.0,0.625,0.0
patchy_high,32,4,fixed,random_matched,26,0.925,0.3819444444444445,0.16140808971774195,0.6666666666666666,160000,39,1.21875,0.12579222098121476,0.23388671875,8,0.0625,0.109375,-0.033208173745038407,0.23958333333333334,0.9788125,0.22916666666666666,0.0211875,0.5625,0.0,0.86585,0.1173375,0.0168125,0.0625,0.84875625,0.28125,0.11414375,0.375,0.0159125,0.0625,0.01709375,0.15625,0.00319375,0.46875,0.0009,0.5,0.0,0.5625,0.0,0.625,0.0
patchy_high,64,4,fixed,random_matched,51,0.9263941080560146,0.4391534391534392,0.36380455264136907,0.6666666666666666,320000,122,1.90625,0.17088981553121838,0.263671875,9,0.03515625,0.078125,-0.01825982802533671,0.28125,0.9962281250000001,0.328125,0.003771875,0.546875,0.0,0.683596875,0.241975,0.074428125,0.203125,0.68205,0.3125,0.240596875,0.328125,0.07358125,0.28125,0.001546875,0.203125,0.001378125,0.5,0.000846875,0.5,0.0,0.515625,0.0,0.625,0.0
split_high_low,32,4,fixed,random_matched,27,0.9327819531114784,0.43481182795698925,0.36136653225806453,0.6666666666666666,160000,50,1.5625,0.13649929669919503,0.23291015625,7,0.0546875,0.109375,-0.05393490243228163,0.3229166666666667,0.8642625,0.25,0.1357375,0.5625,0.0,0.8736625,0.1119,0.0144375,0.21875,0.7584125,0.375,0.0946875,0.375,0.0111625,0.1875,0.11525,0.15625,0.0172125,0.40625,0.003275,0.5,0.0,0.5625,0.0,0.625,0.0
split_high_low,64,4,fixed,random_matched,54,0.9459508137964493,0.4431216931216931,0.41789214564732147,0.6666666666666666,320000,129,2.015625,0.1820739671511693,0.3076171875,11,0.04296875,0.078125,0.020768250506726836,0.2916666666666667,0.996721875,0.3177083333333333,0.0032781250000000002,0.546875,0.0,0.6535187499999999,0.260059375,0.08642187500000001,0.296875,0.65188125,0.265625,0.258928125,0.3125,0.0859125,0.296875,0.0016375,0.1875,0.00113125,0.46875,0.000509375,0.5,0.0,0.515625,0.0,0.625,0.0
uniform_high,32,5,fixed,random_matched,29,0.9625,0.4256272401433691,0.15265985383064518,0.6666666666666666,160000,20,0.625,0.10338512109679782,0.28857421875,8,0.0625,0.140625,-0.06030455322219656,0.3020833333333333,0.9583125,0.2916666666666667,0.0416875,0.40625,0.0,0.93745,0.055150000000000005,0.0074,0.0625,0.9022875,0.4375,0.0502,0.40625,0.005825,0.21875,0.0351625,0.25,0.00495,0.40625,0.001575,0.46875,0.0,0.4375,0.0,0.3125,0.0
uniform_high,64,5,fixed,random_matched,53,0.9355341471297827,0.43915343915343913,0.3480680013020833,0.6666666666666666,320000,162,2.53125,0.17401271470644997,0.2236328125,8,0.03125,0.0390625,0.1150116206735729,0.265625,0.99099375,0.3489583333333333,0.00900625,0.4479166666666667,0.0,0.69920625,0.23585937499999998,0.064934375,0.21875,0.6933625,0.1875,0.233615625,0.390625,0.064015625,0.359375,0.00584375,0.25,0.00224375,0.4375,0.00091875,0.515625,0.0,0.5,0.0,0.328125,0.0
patchy_high,32,5,fixed,random_matched,29,0.9625,0.4280913978494623,0.15705549395161292,0.6666666666666666,160000,24,0.75,0.11763867112143056,0.296875,9,0.0703125,0.09375,-0.034172751217500456,0.3333333333333333,0.96154375,0.2916666666666667,0.03845625,0.40625,0.0,0.92481875,0.0649875,0.010193750000000001,0.0625,0.8935625,0.46875,0.059575,0.46875,0.00840625,0.21875,0.03125625,0.25,0.0054125,0.40625,0.0017875,0.46875,0.0,0.4375,0.0,0.3125,0.0
patchy_high,64,5,fixed,random_matched,57,0.9615758137964493,0.4425154320987654,0.3317631742931548,0.6666666666666666,320000,144,2.25,0.1669385279233928,0.25439453125,9,0.03515625,0.0703125,0.03243989906022092,0.2916666666666667,0.992753125,0.3385416666666667,0.007246874999999999,0.4479166666666667,0.0,0.71880625,0.21956562500000001,0.061628125,0.171875,0.714528125,0.296875,0.217553125,0.40625,0.060671875,0.328125,0.004278125,0.234375,0.0020125,0.453125,0.00095625,0.515625,0.0,0.5,0.0,0.328125,0.0
split_high_low,32,5,fixed,random_matched,29,0.9625,0.4500448028673835,0.4006547631048387,0.6666666666666666,160000,27,0.84375,0.13739210798557555,0.25537109375,9,0.0703125,0.15625,-0.046979983334189436,0.375,0.84129375,0.2708333333333333,0.15870625000000002,0.40625,0.0,0.8661625,0.11853749999999999,0.015300000000000001,0.25,0.72600625,0.46875,0.102725,0.40625,0.0125625,0.25,0.14015625,0.1875,0.0158125,0.375,0.0027375,0.46875,0.0,0.4375,0.0,0.3125,0.0
split_high_low,64,5,fixed,random_matched,58,0.9667841471297827,0.457010582010582,0.4174298859126984,0.8888888888888888,320000,141,2.203125,0.17166641098643226,0.20751953125,8,0.03125,0.0625,-0.04952224199743437,0.3177083333333333,0.96004375,0.328125,0.03994062500000001,0.4479166666666667,1.5625e-05,0.684525,0.24116250000000003,0.0743125,0.265625,0.65661875,0.34375,0.23161875,0.34375,0.07180625,0.359375,0.027896875,0.28125,0.0095375,0.34375,0.00250625,0.515625,9.375e-06,0.5,6.25e-06,0.328125,0.0
uniform_high,32,6,fixed,random_matched,30,0.975,0.42092293906810035,0.2618536920362903,0.6666666666666666,160000,36,1.125,0.13117044005813155,0.27392578125,9,0.0703125,0.109375,-0.11654026611354995,0.22916666666666666,0.92655625,0.3020833333333333,0.07344374999999999,0.5,0.0,0.872575,0.10949999999999999,0.017925,0.125,0.81420625,0.25,0.09771875,0.3125,0.01463125,0.34375,0.05836875,0.3125,0.01178125,0.25,0.00329375,0.5625,0.0,0.625,0.0,0.3125,0.0
uniform_high,64,6,fixed,random_matched,59,0.9739583333333334,0.47767857142857145,0.4585980406746032,0.6666666666666666,320000,226,3.53125,0.20488335432318275,0.2821044921875,10,0.0390625,0.0703125,-0.12986927706218743,0.3645833333333333,0.995853125,0.3645833333333333,0.004146875,0.4739583333333333,0.0,0.5543687500000001,0.31615000000000004,0.12948125,0.3125,0.552771875,0.40625,0.3146375,0.375,0.12844375,0.375,0.001596875,0.34375,0.0015125,0.375,0.0010375,0.4375,0.0,0.578125,0.0,0.40625,0.0
patchy_high,32,6,fixed,random_matched,31,0.9875,0.4204749103942652,0.17987092993951612,0.6666666666666666,160000,41,1.28125,0.1369675373794273,0.2490234375,7,0.0546875,0.0625,-0.06883887434541301,0.2708333333333333,0.9249624999999999,0.3020833333333333,0.0750375,0.5,0.0,0.8786562499999999,0.10495625,0.0163875,0.0625,0.8165125,0.28125,0.094725,0.46875,0.013725,0.34375,0.06214375,0.3125,0.01023125,0.25,0.0026625,0.5625,0.0,0.625,0.0,0.3125,0.0
patchy_high,64,6,fixed,random_matched,56,0.9583333333333334,0.47448192239858905,0.47819923115079366,0.6666666666666666,320000,245,3.828125,0.2106984441784375,0.2557373046875,9,0.03515625,0.0859375,0.004667327407663481,0.40625,0.995865625,0.3229166666666667,0.004134375,0.4739583333333333,0.0,0.53023125,0.32830624999999997,0.1414625,0.359375,0.528625,0.390625,0.326825,0.46875,0.140415625,0.34375,0.00160625,0.28125,0.00148125,0.34375,0.001046875,0.4375,0.0,0.578125,0.0,0.40625,0.0
split_high_low,32,6,fixed,random_matched,29,0.9625,0.43301971326164873,0.280684904233871,0.6666666666666666,160000,38,1.1875,0.13237711269390257,0.26123046875,9,0.0703125,0.125,0.055912044122629324,0.34375,0.8828624999999999,0.3125,0.11713749999999999,0.5,0.0,0.86986875,0.1111375,0.01899375,0.125,0.774175,0.3125,0.0933875,0.59375,0.0153,0.40625,0.09569375,0.3125,0.01775,0.21875,0.00369375,0.5625,0.0,0.625,0.0,0.3125,0.0
split_high_low,64,6,fixed,random_matched,56,0.953125,0.4722222222222222,0.4601326481894842,0.6666666666666666,320000,247,3.859375,0.2120473858957675,0.2635498046875,8,0.03125,0.0390625,0.022678555834696756,0.3958333333333333,0.9668249999999999,0.3385416666666667,0.033175,0.4739583333333333,0.0,0.52866875,0.32209375,0.1492375,0.328125,0.5116375,0.34375,0.31106875,0.515625,0.14411875,0.40625,0.01703125,0.296875,0.011025,0.3125,0.00511875,0.4375,0.0,0.578125,0.0,0.40625,0.0
uniform_high,32,7,fixed,random_matched,25,0.9030639062229566,0.34968637992831536,0.02194904233870968,0.6666666666666666,160000,14,0.4375,0.08463679151042222,0.2236328125,7,0.0546875,0.09375,-0.07437446056947536,0.16666666666666666,0.97321875,0.2604166666666667,0.02678125,0.4791666666666667,0.0,0.9535875,0.04045625,0.005956250000000001,0.0,0.9304,0.1875,0.03748125,0.3125,0.0053375,0.1875,0.0231875,0.03125,0.002975,0.5625,0.00061875,0.59375,0.0,0.4375,0.0,0.40625,0.0
uniform_high,64,7,fixed,random_matched,58,0.9667841471297827,0.46086860670194,0.39371466238839287,0.6666666666666666,320000,123,1.921875,0.15830281779770625,0.256591796875,9,0.03515625,0.0234375,0.040285439976198496,0.3229166666666667,0.9961718749999999,0.3333333333333333,0.003828125,0.5416666666666666,0.0,0.74681875,0.21090625,0.042275,0.234375,0.745103125,0.390625,0.2095375,0.34375,0.04153125,0.34375,0.001715625,0.265625,0.00136875,0.390625,0.00074375,0.578125,0.0,0.484375,0.0,0.5625,0.0
patchy_high,32,7,fixed,random_matched,28,0.9452819531114784,0.4030017921146954,0.21035882056451613,0.6666666666666666,160000,32,1.0,0.1239293978102896,0.2431640625,8,0.0625,0.078125,-0.08360796171499413,0.3333333333333333,0.9106562500000001,0.2604166666666667,0.08934375,0.4791666666666667,0.0,0.90854375,0.0784125,0.01304375,0.09375,0.83330625,0.375,0.06706875,0.53125,0.01028125,0.1875,0.0752375,0.0625,0.01134375,0.53125,0.0027625,0.59375,0.0,0.4375,0.0,0.40625,0.0
patchy_high,64,7,fixed,random_matched,57,0.9615758137964493,0.445326278659612,0.3547330527653769,0.6666666666666666,320000,137,2.140625,0.16539717447984642,0.2442626953125,8,0.03125,0.0546875,0.10321433837467588,0.2760416666666667,0.995415625,0.328125,0.004584375,0.5416666666666666,0.0,0.7197843749999999,0.2240125,0.056203125,0.203125,0.7174875,0.28125,0.222403125,0.34375,0.055525,0.375,0.002296875,0.21875,0.001609375,0.390625,0.000678125,0.578125,0.0,0.484375,0.0,0.5625,0.0
split_high_low,32,7,fixed,random_matched,32,1.0,0.4478046594982079,0.3994628276209677,0.6666666666666666,160000,57,1.78125,0.1587980993391374,0.2314453125,7,0.0546875,0.140625,0.03584754843740312,0.3229166666666667,0.7932312499999999,0.3333333333333333,0.20676875,0.4791666666666667,0.0,0.75805625,0.202875,0.03906875,0.25,0.61189375,0.3125,0.15630625,0.40625,0.02503125,0.28125,0.1461625,0.15625,0.04656875,0.5625,0.0140375,0.59375,0.0,0.4375,0.0,0.40625,0.0
split_high_low,64,7,fixed,random_matched,55,0.9511591471297827,0.455081569664903,0.43371484064980154,0.6666666666666666,320000,151,2.359375,0.17345924781524136,0.2296142578125,8,0.03125,0.046875,-0.05099257098151445,0.328125,0.9536812499999999,0.3125,0.046318750000000006,0.5416666666666666,0.0,0.7001031249999999,0.23596875,0.063928125,0.3125,0.666790625,0.28125,0.225896875,0.390625,0.06099375,0.375,0.0333125,0.1875,0.010071875,0.375,0.002934375,0.578125,0.0,0.484375,0.0,0.5625,0.0
uniform_high,32,8,fixed,random_matched,29,0.9625,0.41666666666666663,0.14097095514112903,0.6666666666666666,160000,61,1.90625,0.14740617865216138,0.2431640625,8,0.0625,0.171875,-0.014369454267470924,0.2604166666666667,0.95583125,0.2916666666666667,0.04416875,0.5520833333333334,0.0,0.82505625,0.151325,0.023618749999999997,0.03125,0.7954375,0.34375,0.1399375,0.40625,0.02045625,0.1875,0.02961875,0.3125,0.0113875,0.375,0.0031625,0.65625,0.0,0.4375,0.0,0.5625,0.0
uniform_high,64,8,fixed,random_matched,60,0.9791666666666666,0.48082010582010576,0.4957204690600198,0.6666666666666666,320000,241,3.765625,0.2298725962708701,0.26171875,8,0.03125,0.046875,0.041128538941714914,0.4322916666666667,0.994921875,0.3385416666666667,0.005078125,0.5520833333333334,0.0,0.431240625,0.358884375,0.209875,0.5,0.42954375,0.453125,0.35690625,0.34375,0.208471875,0.34375,0.001696875,0.3125,0.001978125,0.359375,0.001403125,0.609375,0.0,0.5,0.0,0.546875,0.0
patchy_high,32,8,fixed,random_matched,29,0.9625,0.43794802867383514,0.3112734753024194,0.6666666666666666,160000,63,1.96875,0.16223315389693524,0.30029296875,9,0.0703125,0.140625,-0.0842962353903023,0.2604166666666667,0.9322374999999999,0.3229166666666667,0.0677625,0.5520833333333334,0.0,0.77515,0.18275,0.0421,0.15625,0.72785625,0.28125,0.16655625,0.34375,0.037825,0.21875,0.04729375,0.3125,0.01619375,0.4375,0.004275,0.65625,0.0,0.4375,0.0,0.5625,0.0
patchy_high,64,8,fixed,random_matched,60,0.9791666666666666,0.48390652557319225,0.4953876519097222,0.6666666666666666,320000,244,3.8125,0.22329142248087094,0.275146484375,9,0.03515625,0.09375,0.048516085091614154,0.4479166666666667,0.99505,0.34375,0.0049499999999999995,0.5520833333333334,0.0,0.46257499999999996,0.346678125,0.19074687499999998,0.40625,0.460896875,0.53125,0.344671875,0.40625,0.18948125,0.328125,0.001678125,0.34375,0.00200625,0.359375,0.001265625,0.609375,0.0,0.5,0.0,0.546875,0.0
split_high_low,32,8,fixed,random_matched,30,0.975,0.48006272401433686,0.47055396925403226,1.0,160000,91,2.84375,0.1813963307744284,0.24365234375,7,0.0546875,0.15625,0.022589138252389906,0.4791666666666667,0.72358125,0.3125,0.27586875,0.5104166666666666,0.00055,0.70516875,0.23518125,0.059649999999999995,0.375,0.507,0.5625,0.17318125,0.5,0.0434,0.28125,0.19783125,0.25,0.0618125,0.40625,0.016225,0.59375,0.0003375,0.40625,0.0001875,0.53125,2.5e-05
split_high_low,64,8,fixed,random_matched,60,0.9791666666666666,0.4753637566137566,0.4596527188740079,0.6666666666666666,320000,221,3.453125,0.2086314203176327,0.2978515625,9,0.03515625,0.0546875,-0.03106306723862813,0.3489583333333333,0.97691875,0.3645833333333333,0.023081249999999998,0.5520833333333334,0.0,0.527678125,0.3239125,0.148409375,0.375,0.517453125,0.296875,0.31584375,0.375,0.143621875,0.40625,0.010225,0.34375,0.00806875,0.34375,0.0047875,0.609375,0.0,0.5,0.0,0.546875,0.0
uniform_high,32,9,fixed,random_matched,31,0.9875,0.451836917562724,0.3662426663306452,0.6666666666666666,160000,37,1.15625,0.13694905593944595,0.28662109375,10,0.078125,0.0625,-0.02780766908793838,0.375,0.86861875,0.28125,0.13138125,0.5,0.0,0.89154375,0.09120625,0.017249999999999998,0.21875,0.7819625,0.3125,0.07420625,0.59375,0.01245,0.25,0.10958125,0.25,0.017,0.34375,0.0048,0.5,0.0,0.4375,0.0,0.5625,0.0
uniform_high,64,9,fixed,random_matched,56,0.953125,0.43446869488536155,0.24696779668898808,0.6666666666666666,320000,138,2.15625,0.1615923528837464,0.2689208984375,8,0.03125,0.015625,-0.0033815809068461263,0.2708333333333333,0.99666875,0.328125,0.00333125,0.5,0.0,0.764171875,0.19039375,0.045434375,0.109375,0.7627875,0.25,0.189078125,0.453125,0.044803125,0.328125,0.001384375,0.234375,0.001315625,0.421875,0.00063125,0.53125,0.0,0.5,0.0,0.46875,0.0
patchy_high,32,9,fixed,random_matched,30,0.975,0.43951612903225806,0.23183326612903227,0.6666666666666666,160000,38,1.1875,0.13780149192052182,0.23876953125,7,0.0546875,0.078125,-0.11874139975737136,0.3229166666666667,0.8907875,0.28125,0.10921249999999999,0.5,0.0,0.868475,0.107025,0.0245,0.09375,0.78226875,0.40625,0.08923125,0.46875,0.0192875,0.21875,0.08620625,0.28125,0.01779375,0.34375,0.0052125,0.5,0.0,0.4375,0.0,0.5625,0.0
patchy_high,64,9,fixed,random_matched,56,0.956367480463116,0.45397927689594353,0.3785533714657738,0.6666666666666666,320000,134,2.09375,0.16345640824590413,0.29296875,11,0.04296875,0.0625,0.020739966699447613,0.2916666666666667,0.996446875,0.328125,0.0035531250000000003,0.5,0.0,0.7549312499999999,0.20017500000000002,0.04489375,0.234375,0.753453125,0.28125,0.198846875,0.359375,0.044146875,0.3125,0.001478125,0.265625,0.001328125,0.40625,0.000746875,0.53125,0.0,0.5,0.0,0.46875,0.0
split_high_low,32,9,fixed,random_matched,31,0.9875,0.4558691756272402,0.3505596270161291,0.6666666666666666,160000,53,1.65625,0.1478291761426547,0.271484375,9,0.0703125,0.125,0.05040957822008908,0.3541666666666667,0.8585000000000002,0.28125,0.14150000000000001,0.5,0.0,0.8203312500000001,0.15140625000000002,0.0282625,0.1875,0.71920625,0.4375,0.1191625,0.4375,0.02013125,0.21875,0.101125,0.3125,0.03224375,0.3125,0.00813125,0.5,0.0,0.4375,0.0,0.5625,0.0
split_high_low,64,9,fixed,random_matched,57,0.9615758137964493,0.4557429453262786,0.30842234002976193,0.6666666666666666,320000,105,1.640625,0.1586643298055591,0.23193359375,12,0.046875,0.0859375,0.06912092455643601,0.3072916666666667,0.995403125,0.3541666666666667,0.004596875,0.5,0.0,0.7638125,0.196828125,0.039359375,0.15625,0.761628125,0.296875,0.1951125,0.46875,0.0386625,0.375,0.002184375,0.296875,0.001715625,0.390625,0.000696875,0.53125,0.0,0.5,0.0,0.46875,0.0
