scenario,population,replicate,social_mode,social_network,rewiring,time,low_extraction_rate,collective_order,action_entropy,mean_resource_fraction,total_resource,mean_reserve_welfare,mean_need_satisfaction,deprivation_rate,mean_metabolic_shortfall,mean_energy,wealth_gini,mean_wealth,mean_social_low_fraction,visibility_gini,max_visibility_share,zero_visibility_fraction,reciprocity,degree_assortativity,visible_population_bias,social_perception_error,signed_perception_bias,majority_mismatch_rate,majority_tie_rate,degree_action_correlation,mean_epsilon
uniform_high,6,0,fixed,random_k,random_matched,1,0.5,0.0,1.0,0.49957527777777777,5.994903333333333,0.9980000000000001,1.0,0.0,0.0,0.9980000000000001,0.40909090909090895,0.011000000000000001,0.5,0.2222222222222221,0.25,0.0,0.3333333333333333,-0.1369306393762915,0.0,0.2333333333333333,0.0,0.5,0.6666666666666666,0.0,0.1999
uniform_high,6,0,fixed,random_k,random_matched,2,0.3333333333333333,0.33333333333333337,0.9182958340544896,0.49765477786610834,5.971857334393301,0.9980000000000001,1.0,0.0,0.0,0.9980000000000001,0.33999999999999964,0.025000000000000005,0.25,0.36111111111111094,0.3333333333333333,0.16666666666666666,0.3333333333333333,0.0,-0.08333333333333331,0.25,-0.08333333333333336,0.0,0.5,0.27386127875258304,0.19980005000000003
uniform_high,6,0,fixed,random_k,random_matched,4,0.5,0.0,1.0,0.49971198178442267,5.996543781413072,0.9980000000000001,1.0,0.0,0.0,0.9980000000000001,0.25609756097560954,0.041,0.4166666666666667,0.4166666666666665,0.3333333333333333,0.3333333333333333,0.3333333333333333,-0.47633051162246687,-0.08333333333333331,0.2833333333333334,-0.08333333333333333,0.3333333333333333,0.5,0.21821789023599236,0.19960029990001257
uniform_high,6,0,fixed,random_k,random_matched,6,0.8333333333333334,0.6666666666666667,0.6500224216483541,0.5002126346813216,6.002551616175858,0.9980000000000001,1.0,0.0,0.0,0.9980000000000001,0.18333333333333335,0.06,1.0,0.4444444444444444,0.3333333333333333,0.3333333333333333,0.5,0.0,0.16666666666666663,0.16666666666666663,0.16666666666666663,0.0,0.0,-0.5477225575051662,0.19940074950018752
uniform_high,6,0,fixed,random_k,random_matched,8,0.3333333333333333,0.33333333333333337,0.9182958340544896,0.4976297474392908,5.971556969271489,0.9980000000000001,1.0,0.0,0.0,0.9980000000000001,0.1823529411764706,0.08500000000000002,0.16666666666666666,0.4722222222222221,0.4166666666666667,0.3333333333333333,0.5,-0.21821789023599236,-0.16666666666666666,0.2333333333333334,-0.16666666666666666,0.0,0.3333333333333333,0.408248290463863,0.19920139860087474
uniform_high,6,0,fixed,random_k,random_matched,10,0.5,0.0,1.0,0.496493296995279,5.9579195639433475,0.9980000000000001,1.0,0.0,0.0,0.9980000000000001,0.20093457943925208,0.10700000000000003,0.75,0.4166666666666665,0.3333333333333333,0.3333333333333333,0.5,0.0,0.25,0.31666666666666665,0.25,0.6666666666666666,0.5,-0.6546536707079771,0.19900224700262356
uniform_high,6,0,fixed,random_k,random_matched,12,0.3333333333333333,0.33333333333333337,0.9182958340544896,0.49375776378341524,5.925093165400982,0.9980000000000001,1.0,0.0,0.0,0.9980000000000001,0.16666666666666652,0.132,0.4166666666666667,0.38888888888888884,0.4166666666666667,0.16666666666666666,0.5,-0.31226917638997687,0.08333333333333337,0.14999999999999997,0.0833333333333333,0.0,0.8333333333333334,-0.23145502494313788,0.1988032945061827
uniform_high,6,1,fixed,random_k,random_matched,1,0.8333333333333334,0.6666666666666667,0.6500224216483541,0.5025347222222223,6.030416666666667,0.9980000000000001,1.0,0.0,0.0,0.9980000000000001,0.5,0.005,0.75,0.3055555555555556,0.25,0.16666666666666666,0.3333333333333333,0.11572751247156893,-0.08333333333333337,0.21666666666666667,-0.08333333333333337,0.0,0.5,0.3872983346207417,0.1999
uniform_high,6,1,fixed,random_k,random_matched,2,0.6666666666666666,0.33333333333333326,0.9182958340544896,0.5035461492490662,6.042553790988794,0.9980000000000001,1.0,0.0,0.0,0.9980000000000001,0.5,0.013000000000000003,0.8333333333333334,0.4444444444444444,0.4166666666666667,0.16666666666666666,0.5,-0.46223672582095243,0.16666666666666674,0.2333333333333333,0.16666666666666666,0.0,0.3333333333333333,-0.4330127018922194,0.19980005000000003
uniform_high,6,1,fixed,random_k,random_matched,4,0.8333333333333334,0.6666666666666667,0.6500224216483541,0.5069687163677725,6.083624596413269,0.9980000000000001,1.0,0.0,0.0,0.9980000000000001,0.4615384615384617,0.026000000000000006,1.0,0.36111111111111094,0.3333333333333333,0.16666666666666666,0.5,0.06546536707079771,0.16666666666666663,0.16666666666666663,0.16666666666666663,0.0,0.0,-0.6928203230275509,0.19960029990001257
uniform_high,6,1,fixed,random_k,random_matched,6,0.6666666666666666,0.33333333333333326,0.9182958340544896,0.5072983689967975,6.08758042796157,0.9980000000000001,1.0,0.0,0.0,0.9980000000000001,0.43333333333333357,0.045000000000000005,0.6666666666666666,0.38888888888888884,0.3333333333333333,0.16666666666666666,0.5,0.29462782549439487,0.0,0.1333333333333333,0.0,0.0,0.6666666666666666,0.0,0.19940074950018752
uniform_high,6,1,fixed,random_k,random_matched,8,0.8333333333333334,0.6666666666666667,0.6500224216483541,0.5104981517549546,6.125977821059455,0.9980000000000001,1.0,0.0,0.0,0.9980000000000001,0.4310344827586208,0.058,0.75,0.2222222222222221,0.25,0.0,0.5,0.1369306393762915,-0.08333333333333337,0.21666666666666667,-0.08333333333333337,0.0,0.5,0.5477225575051662,0.19920139860087474
uniform_high,6,1,fixed,random_k,random_matched,10,0.5,0.0,1.0,0.5091087580644914,6.109305096773896,0.9980000000000001,1.0,0.0,0.0,0.9980000000000001,0.41249999999999964,0.08,0.5833333333333334,0.4166666666666665,0.3333333333333333,0.3333333333333333,0.5,0.15877683720748897,0.08333333333333337,0.15,0.08333333333333333,0.0,0.8333333333333334,-0.21821789023599236,0.19900224700262356
uniform_high,6,1,fixed,random_k,random_matched,12,0.6666666666666666,0.33333333333333326,0.9182958340544896,0.5121005377284253,6.145206452741103,0.9980000000000001,1.0,0.0,0.0,0.9980000000000001,0.41397849462365555,0.09300000000000001,0.8333333333333334,0.4722222222222221,0.4166666666666667,0.3333333333333333,0.5,-0.29095718698132317,0.16666666666666674,0.23333333333333336,0.16666666666666666,0.0,0.3333333333333333,-0.40824829046386313,0.1988032945061827
