scenario,population,replicate,social_mode,rewiring,unique_policy_count,policy_entropy,policy_hamming_mean,policy_hamming_visit_weighted_mean,visited_state_fraction,total_training_state_visits,total_rewires,mean_rewires_per_agent,mean_prediction_error,visibility_gini,max_visibility_degree,max_visibility_share,reciprocity,degree_assortativity,policy_low_scarce,training_visit_fraction_scarce,policy_low_moderate,training_visit_fraction_moderate,policy_low_abundant,training_visit_fraction_abundant
uniform_high,32,0,none,none,4,0.44576335553900465,0.21370967741935484,0.0625,0.6666666666666666,160000,0,0.0,nan,nan,nan,nan,nan,nan,0.03125,0.927175,0.03125,0.072825,0.5,0.0
uniform_high,64,0,none,none,7,0.7640358795656262,0.37202380952380953,0.4099874488467262,0.6666666666666666,320000,0,0.0,nan,nan,nan,nan,nan,nan,0.28125,0.996584375,0.109375,0.003415625,0.515625,0.0
patchy_high,32,0,none,none,5,0.5009757516361018,0.23319892473118278,0.11658887348790321,0.6666666666666666,160000,0,0.0,nan,nan,nan,nan,nan,nan,0.0625,0.92510625,0.03125,0.07489375,0.5,0.0
patchy_high,64,0,none,none,7,0.7943339527041003,0.3878968253968254,0.41014441964285714,0.6666666666666666,320000,0,0.0,nan,nan,nan,nan,nan,nan,0.28125,0.99655,0.140625,0.00345,0.515625,0.0
split_high_low,32,0,none,none,6,0.7188154327115525,0.34744623655913975,0.31825201612903226,1.0,160000,0,0.0,nan,nan,nan,nan,nan,nan,0.21875,0.8051,0.09375,0.194875,0.46875,2.5e-05
split_high_low,64,0,none,none,8,0.7630353545640163,0.3616071428571428,0.30926170014880955,0.6666666666666666,320000,0,0.0,nan,nan,nan,nan,nan,nan,0.1875,0.993709375,0.15625,0.006290625,0.515625,0.0
uniform_high,32,1,none,none,4,0.5023496092623193,0.2452956989247312,0.06385060483870969,0.6666666666666666,160000,0,0.0,nan,nan,nan,nan,nan,nan,0.03125,0.9880375,0.09375,0.0119625,0.40625,0.0
uniform_high,64,1,none,none,7,0.8165240380844225,0.4037698412698413,0.45705787760416666,0.6666666666666666,320000,0,0.0,nan,nan,nan,nan,nan,nan,0.34375,0.99400625,0.140625,0.00599375,0.484375,0.0
patchy_high,32,1,none,none,5,0.5540767155502735,0.2620967741935484,0.06484957157258064,0.6666666666666666,160000,0,0.0,nan,nan,nan,nan,nan,nan,0.03125,0.9856125,0.125,0.0143875,0.40625,0.0
patchy_high,64,1,none,none,7,0.771495172071511,0.3854166666666667,0.38057174479166667,0.6666666666666666,320000,0,0.0,nan,nan,nan,nan,nan,nan,0.25,0.996634375,0.15625,0.003365625,0.484375,0.0
split_high_low,32,1,none,none,6,0.7057845643411268,0.3420698924731182,0.19931048387096775,0.6666666666666666,160000,0,0.0,nan,nan,nan,nan,nan,nan,0.09375,0.86525,0.21875,0.13475,0.40625,0.0
split_high_low,64,1,none,none,8,0.7812622607146992,0.3680555555555556,0.2704106817336309,0.6666666666666666,320000,0,0.0,nan,nan,nan,nan,nan,nan,0.15625,0.958146875,0.203125,0.041853125,0.484375,0.0
uniform_high,32,2,none,none,2,0.3323934662980881,0.17137096774193547,0.0,0.6666666666666666,160000,0,0.0,nan,nan,nan,nan,nan,nan,0.0,0.97741875,0.0,0.02258125,0.46875,0.0
uniform_high,64,2,none,none,7,0.7420189507720147,0.35813492063492064,0.44697425130208335,0.6666666666666666,320000,0,0.0,nan,nan,nan,nan,nan,nan,0.328125,0.997134375,0.0625,0.002865625,0.484375,0.0
patchy_high,32,2,none,none,2,0.3323934662980881,0.17137096774193547,0.0,0.6666666666666666,160000,0,0.0,nan,nan,nan,nan,nan,nan,0.0,0.97585,0.0,0.02415,0.46875,0.0
patchy_high,64,2,none,none,6,0.7084801333655478,0.345734126984127,0.40987756696428573,0.6666666666666666,320000,0,0.0,nan,nan,nan,nan,nan,nan,0.28125,0.99713125,0.0625,0.00286875,0.484375,0.0
split_high_low,32,2,none,none,4,0.5247613651793578,0.2674731182795699,0.20665468750000002,0.6666666666666666,160000,0,0.0,nan,nan,nan,nan,nan,nan,0.125,0.882725,0.03125,0.117275,0.46875,0.0
split_high_low,64,2,none,none,7,0.7085660000648631,0.33630952380952384,0.3283822312127976,0.6666666666666666,320000,0,0.0,nan,nan,nan,nan,nan,nan,0.203125,0.996884375,0.09375,0.003115625,0.484375,0.0
uniform_high,32,3,none,none,3,0.42091057669697945,0.20631720430107525,0.0018644153225806453,0.6666666666666666,160000,0,0.0,nan,nan,nan,nan,nan,nan,0.0,0.9845875,0.0625,0.0154125,0.59375,0.0
uniform_high,64,3,none,none,8,0.7044056214847677,0.3237433862433862,0.24546249534970238,0.6666666666666666,320000,0,0.0,nan,nan,nan,nan,nan,nan,0.140625,0.996859375,0.125,0.003140625,0.546875,0.0
patchy_high,32,3,none,none,3,0.42091057669697945,0.20631720430107525,0.00424445564516129,0.6666666666666666,160000,0,0.0,nan,nan,nan,nan,nan,nan,0.0,0.9649125,0.0625,0.0350875,0.59375,0.0
patchy_high,64,3,none,none,7,0.6875039938918691,0.3159722222222222,0.2222222222222222,0.6666666666666666,320000,0,0.0,nan,nan,nan,nan,nan,nan,0.125,0.9966125,0.125,0.0033875,0.546875,0.0
split_high_low,32,3,none,none,5,0.6701302407770132,0.33534946236559143,0.3295131048387096,0.6666666666666666,160000,0,0.0,nan,nan,nan,nan,nan,nan,0.25,0.783625,0.0625,0.216375,0.59375,0.0
split_high_low,64,3,none,none,7,0.7808427081530444,0.37665343915343913,0.3797856817336309,0.6666666666666666,320000,0,0.0,nan,nan,nan,nan,nan,nan,0.25,0.991384375,0.140625,0.008615625,0.546875,0.0
uniform_high,32,4,none,none,5,0.5079172107457403,0.2439516129032258,0.22423258568548388,0.6666666666666666,160000,0,0.0,nan,nan,nan,nan,nan,nan,0.125,0.9903625,0.03125,0.0096375,0.3125,0.0
uniform_high,64,4,none,none,7,0.7219956367146879,0.33779761904761907,0.30927505580357145,0.6666666666666666,320000,0,0.0,nan,nan,nan,nan,nan,nan,0.1875,0.9961125,0.140625,0.0038875,0.34375,0.0
patchy_high,32,4,none,none,5,0.5079172107457403,0.2271505376344086,0.17385080645161288,0.6666666666666666,160000,0,0.0,nan,nan,nan,nan,nan,nan,0.09375,0.98625,0.03125,0.01375,0.3125,0.0
patchy_high,64,4,none,none,7,0.7144290270258479,0.33779761904761907,0.3092666573660714,0.6666666666666666,320000,0,0.0,nan,nan,nan,nan,nan,nan,0.1875,0.99598125,0.140625,0.00401875,0.34375,0.0
split_high_low,32,4,none,none,5,0.5514723955628997,0.2594086021505377,0.23981764112903223,0.6666666666666666,160000,0,0.0,nan,nan,nan,nan,nan,nan,0.15625,0.84566875,0.03125,0.15433125,0.3125,0.0
split_high_low,64,4,none,none,7,0.683804173955652,0.31646825396825395,0.24553704427083334,1.0,320000,0,0.0,nan,nan,nan,nan,nan,nan,0.140625,0.99505625,0.140625,0.0049375,0.34375,6.25e-06
uniform_high,32,5,none,none,4,0.5066580695856626,0.24663978494623656,0.006511693548387097,0.6666666666666666,160000,0,0.0,nan,nan,nan,nan,nan,nan,0.0,0.9711625,0.125,0.0288375,0.53125,0.0
uniform_high,64,5,none,none,6,0.6798696599831838,0.32109788359788355,0.3083044410342262,0.6666666666666666,320000,0,0.0,nan,nan,nan,nan,nan,nan,0.1875,0.992528125,0.078125,0.007471875,0.484375,0.0
patchy_high,32,5,none,none,4,0.48014241830276844,0.22983870967741934,0.004276549899193549,0.6666666666666666,160000,0,0.0,nan,nan,nan,nan,nan,nan,0.0,0.97561875,0.09375,0.02438125,0.53125,0.0
patchy_high,64,5,none,none,6,0.6956675498363362,0.33366402116402116,0.34621399119543655,0.6666666666666666,320000,0,0.0,nan,nan,nan,nan,nan,nan,0.21875,0.99498125,0.078125,0.00501875,0.484375,0.0
split_high_low,32,5,none,none,6,0.6792292966721748,0.32190860215053757,0.22580645161290322,0.6666666666666666,160000,0,0.0,nan,nan,nan,nan,nan,nan,0.125,0.82173125,0.125,0.17826875,0.53125,0.0
split_high_low,64,5,none,none,6,0.7261483375174929,0.3463955026455026,0.30649486297123013,1.0,320000,0,0.0,nan,nan,nan,nan,nan,nan,0.1875,0.965284375,0.125,0.034709375,0.484375,6.25e-06
uniform_high,32,6,none,none,4,0.4745983135651328,0.22849462365591397,0.12096774193548387,0.6666666666666666,160000,0,0.0,nan,nan,nan,nan,nan,nan,0.0625,0.94100625,0.0625,0.05899375,0.6875,0.0
uniform_high,64,6,none,none,7,0.7315825684279006,0.35681216931216925,0.4744175595238095,0.6666666666666666,320000,0,0.0,nan,nan,nan,nan,nan,nan,0.375,0.9954,0.046875,0.0046,0.546875,0.0
patchy_high,32,6,none,none,5,0.5380951818634802,0.24663978494623656,0.12355716985887098,0.6666666666666666,160000,0,0.0,nan,nan,nan,nan,nan,nan,0.0625,0.95243125,0.09375,0.04756875,0.6875,0.0
patchy_high,64,6,none,none,7,0.7578794532639067,0.36937830687830686,0.4570570421006945,0.6666666666666666,320000,0,0.0,nan,nan,nan,nan,nan,nan,0.34375,0.995909375,0.078125,0.004090625,0.546875,0.0
split_high_low,32,6,none,none,5,0.5179382190121329,0.23454301075268819,0.1660563508064516,1.0,160000,0,0.0,nan,nan,nan,nan,nan,nan,0.09375,0.91435625,0.03125,0.08484375,0.65625,0.0008
split_high_low,64,6,none,none,8,0.8254528162732352,0.4117063492063492,0.48069538225446423,1.0,320000,0,0.0,nan,nan,nan,nan,nan,nan,0.390625,0.9876125,0.140625,0.012334375,0.53125,5.3125e-05
uniform_high,32,7,none,none,4,0.5134471326045628,0.2466397849462366,0.010220564516129032,0.6666666666666666,160000,0,0.0,nan,nan,nan,nan,nan,nan,0.0,0.9547375,0.125,0.0452625,0.53125,0.0
uniform_high,64,7,none,none,7,0.7792006316791585,0.3725198412698413,0.3641015625,0.6666666666666666,320000,0,0.0,nan,nan,nan,nan,nan,nan,0.234375,0.995953125,0.140625,0.004046875,0.484375,0.0
patchy_high,32,7,none,none,4,0.5134471326045628,0.2466397849462366,0.012807459677419353,0.6666666666666666,160000,0,0.0,nan,nan,nan,nan,nan,nan,0.0,0.94328125,0.125,0.05671875,0.53125,0.0
patchy_high,64,7,none,none,7,0.7017825770185251,0.3250661375661375,0.24542373666914682,0.6666666666666666,320000,0,0.0,nan,nan,nan,nan,nan,nan,0.140625,0.995196875,0.125,0.004803125,0.484375,0.0
split_high_low,32,7,none,none,6,0.7519423174153635,0.36693548387096775,0.3077985635080645,0.6666666666666666,160000,0,0.0,nan,nan,nan,nan,nan,nan,0.1875,0.8413375,0.15625,0.1586625,0.53125,0.0
split_high_low,64,7,none,none,7,0.791308832747157,0.37996031746031744,0.3605087425595238,0.6666666666666666,320000,0,0.0,nan,nan,nan,nan,nan,nan,0.234375,0.957875,0.15625,0.042125,0.484375,0.0
uniform_high,32,8,none,none,6,0.5872613651793578,0.28494623655913975,0.2232031754032258,0.6666666666666666,160000,0,0.0,nan,nan,nan,nan,nan,nan,0.125,0.97516875,0.0625,0.02483125,0.4375,0.0
uniform_high,64,8,none,none,6,0.7189885230632393,0.35582010582010576,0.5043371031746032,0.6666666666666666,320000,0,0.0,nan,nan,nan,nan,nan,nan,0.46875,0.996365625,0.03125,0.003634375,0.4375,0.0
patchy_high,32,8,none,none,4,0.43668541630608865,0.23051075268817203,0.11773155241935483,0.6666666666666666,160000,0,0.0,nan,nan,nan,nan,nan,nan,0.0625,0.94465,0.03125,0.05535,0.4375,0.0
patchy_high,64,8,none,none,6,0.7130433925162224,0.3563161375661375,0.5058532350570436,0.6666666666666666,320000,0,0.0,nan,nan,nan,nan,nan,nan,0.484375,0.996440625,0.03125,0.003559375,0.4375,0.0
split_high_low,32,8,none,none,5,0.6357511780132494,0.3192204301075268,0.31656491935483877,1.0,160000,0,0.0,nan,nan,nan,nan,nan,nan,0.25,0.782675,0.03125,0.2173,0.4375,2.5e-05
split_high_low,64,8,none,none,7,0.7118131301693839,0.3424272486772487,0.4339657102554564,0.6666666666666666,320000,0,0.0,nan,nan,nan,nan,nan,nan,0.3125,0.992646875,0.046875,0.007353125,0.4375,0.0
uniform_high,32,9,none,none,3,0.3778107003741458,0.18682795698924728,0.059000390624999996,0.6666666666666666,160000,0,0.0,nan,nan,nan,nan,nan,nan,0.03125,0.94400625,0.0,0.05599375,0.59375,0.0
uniform_high,64,9,none,none,7,0.6049567377458813,0.27496693121693117,0.22186562499999996,0.6666666666666666,320000,0,0.0,nan,nan,nan,nan,nan,nan,0.125,0.99654375,0.0625,0.00345625,0.609375,0.0
patchy_high,32,9,none,none,4,0.43668541630608865,0.20631720430107528,0.10933064516129033,0.6666666666666666,160000,0,0.0,nan,nan,nan,nan,nan,nan,0.0625,0.9038,0.0,0.0962,0.59375,0.0
patchy_high,64,9,none,none,6,0.608460267217411,0.27496693121693117,0.22192849702380948,0.6666666666666666,320000,0,0.0,nan,nan,nan,nan,nan,nan,0.125,0.997153125,0.0625,0.002846875,0.609375,0.0
split_high_low,32,9,none,none,6,0.5759776119778188,0.2647849462365591,0.1722289566532258,0.6666666666666666,160000,0,0.0,nan,nan,nan,nan,nan,nan,0.09375,0.9416875,0.0625,0.0583125,0.59375,0.0
split_high_low,64,9,none,none,8,0.7546231451691533,0.35267857142857145,0.32866800595238094,0.6666666666666666,320000,0,0.0,nan,nan,nan,nan,nan,nan,0.203125,0.9975875,0.140625,0.0024125,0.609375,0.0
