analysis_label,treatment,rewire_theta,rewire_mu,scenario,population,metric,n_pairs,mean_carried_minus_reset,bootstrap_ci_low,bootstrap_ci_high
S1,S1,0.25,0.1,uniform_high,8,resource_fraction,2,0.0,0.0,0.0
S1,S1,0.25,0.1,uniform_high,8,reserve_welfare,2,0.0,0.0,0.0
S1,S1,0.25,0.1,uniform_high,8,wealth_gini,2,0.0,0.0,0.0
S1,S1,0.25,0.1,uniform_high,8,perception_error,2,0.0,0.0,0.0
S2,S2,0.25,0.1,uniform_high,8,resource_fraction,2,0.0,0.0,0.0
S2,S2,0.25,0.1,uniform_high,8,reserve_welfare,2,0.0,0.0,0.0
S2,S2,0.25,0.1,uniform_high,8,wealth_gini,2,0.0,0.0,0.0
S2,S2,0.25,0.1,uniform_high,8,perception_error,2,0.0,0.0,0.0
R1,R1,0.0,0.1,uniform_high,8,resource_fraction,2,0.0,0.0,0.0
R1,R1,0.0,0.1,uniform_high,8,reserve_welfare,2,0.0,0.0,0.0
R1,R1,0.0,0.1,uniform_high,8,wealth_gini,2,0.0,0.0,0.0
R1,R1,0.0,0.1,uniform_high,8,perception_error,2,0.002187500000000009,0.0,0.004375000000000018
"R0 (theta=0, matched mu=0.1)",R0,0.0,0.1,uniform_high,8,resource_fraction,2,0.0,0.0,0.0
"R0 (theta=0, matched mu=0.1)",R0,0.0,0.1,uniform_high,8,reserve_welfare,2,0.0,0.0,0.0
"R0 (theta=0, matched mu=0.1)",R0,0.0,0.1,uniform_high,8,wealth_gini,2,0.0,0.0,0.0
"R0 (theta=0, matched mu=0.1)",R0,0.0,0.1,uniform_high,8,perception_error,2,0.004598214285714289,0.004375000000000018,0.00482142857142856
R2,R2,0.25,0.1,uniform_high,8,resource_fraction,2,0.0,0.0,0.0
R2,R2,0.25,0.1,uniform_high,8,reserve_welfare,2,0.0,0.0,0.0
R2,R2,0.25,0.1,uniform_high,8,wealth_gini,2,0.0,0.0,0.0
R2,R2,0.25,0.1,uniform_high,8,perception_error,2,0.002187500000000009,0.0,0.004375000000000018
"R0 (theta=0.25, matched mu=0.1)",R0,0.25,0.1,uniform_high,8,resource_fraction,2,0.0,0.0,0.0
"R0 (theta=0.25, matched mu=0.1)",R0,0.25,0.1,uniform_high,8,reserve_welfare,2,0.0,0.0,0.0
"R0 (theta=0.25, matched mu=0.1)",R0,0.25,0.1,uniform_high,8,wealth_gini,2,0.0,0.0,0.0
"R0 (theta=0.25, matched mu=0.1)",R0,0.25,0.1,uniform_high,8,perception_error,2,0.004598214285714289,0.004375000000000018,0.00482142857142856
R3,R3,1.0,0.1,uniform_high,8,resource_fraction,2,0.0,0.0,0.0
R3,R3,1.0,0.1,uniform_high,8,reserve_welfare,2,0.0,0.0,0.0
R3,R3,1.0,0.1,uniform_high,8,wealth_gini,2,0.0,0.0,0.0
R3,R3,1.0,0.1,uniform_high,8,perception_error,2,0.002187500000000009,0.0,0.004375000000000018
"R0 (theta=1, matched mu=0.1)",R0,1.0,0.1,uniform_high,8,resource_fraction,2,0.0,0.0,0.0
"R0 (theta=1, matched mu=0.1)",R0,1.0,0.1,uniform_high,8,reserve_welfare,2,0.0,0.0,0.0
"R0 (theta=1, matched mu=0.1)",R0,1.0,0.1,uniform_high,8,wealth_gini,2,0.0,0.0,0.0
"R0 (theta=1, matched mu=0.1)",R0,1.0,0.1,uniform_high,8,perception_error,2,0.004598214285714289,0.004375000000000018,0.00482142857142856
