family,left_run,right_run,left_scenario,right_scenario,population,metric,replicate,value
fixed_structure,ecology_perception_smoke_v1_s2,ecology_perception_smoke_v1_s1,uniform_high,uniform_high,8,social_perception_error,0,0.01615646258503403
fixed_structure,ecology_perception_smoke_v1_s2,ecology_perception_smoke_v1_s1,uniform_high,uniform_high,8,social_perception_error,1,0.03346088435374148
fixed_structure,ecology_perception_smoke_v1_s2,ecology_perception_smoke_v1_s1,uniform_high,uniform_high,8,majority_mismatch_rate,0,-0.030952380952380953
fixed_structure,ecology_perception_smoke_v1_s2,ecology_perception_smoke_v1_s1,uniform_high,uniform_high,8,majority_mismatch_rate,1,0.10238095238095239
fixed_structure,ecology_perception_smoke_v1_s2,ecology_perception_smoke_v1_s1,uniform_high,uniform_high,8,majority_tie_rate,0,0.0892857142857143
fixed_structure,ecology_perception_smoke_v1_s2,ecology_perception_smoke_v1_s1,uniform_high,uniform_high,8,majority_tie_rate,1,0.017857142857142905
fixed_structure,ecology_perception_smoke_v1_s2,ecology_perception_smoke_v1_s1,uniform_high,uniform_high,8,visibility_gini,0,0.008413461538461453
fixed_structure,ecology_perception_smoke_v1_s2,ecology_perception_smoke_v1_s1,uniform_high,uniform_high,8,visibility_gini,1,0.10757211538461542
fixed_structure,ecology_perception_smoke_v1_s2,ecology_perception_smoke_v1_s1,uniform_high,uniform_high,8,low_extraction_rate,0,0.0535714285714286
fixed_structure,ecology_perception_smoke_v1_s2,ecology_perception_smoke_v1_s1,uniform_high,uniform_high,8,low_extraction_rate,1,0.017857142857142905
adaptive_minus_matched,ecology_perception_smoke_v1_r1_mu10,ecology_perception_smoke_v1_r0_r1_mu10,uniform_high,uniform_high,8,social_perception_error,0,-0.022321428571428548
adaptive_minus_matched,ecology_perception_smoke_v1_r1_mu10,ecology_perception_smoke_v1_r0_r1_mu10,uniform_high,uniform_high,8,social_perception_error,1,0.005102040816326536
adaptive_scope,ecology_perception_smoke_v1_r1_mu10,ecology_perception_smoke_v1_r2_mu10,uniform_high,uniform_high,8,social_perception_error,0,0.0
adaptive_scope,ecology_perception_smoke_v1_r1_mu10,ecology_perception_smoke_v1_r2_mu10,uniform_high,uniform_high,8,social_perception_error,1,0.0
adaptive_scope,ecology_perception_smoke_v1_r1_mu10,ecology_perception_smoke_v1_r3_mu10,uniform_high,uniform_high,8,social_perception_error,0,0.0
adaptive_scope,ecology_perception_smoke_v1_r1_mu10,ecology_perception_smoke_v1_r3_mu10,uniform_high,uniform_high,8,social_perception_error,1,0.014030612244897975
adaptive_minus_matched,ecology_perception_smoke_v1_r1_mu10,ecology_perception_smoke_v1_r0_r1_mu10,uniform_high,uniform_high,8,majority_mismatch_rate,0,-0.03809523809523811
adaptive_minus_matched,ecology_perception_smoke_v1_r1_mu10,ecology_perception_smoke_v1_r0_r1_mu10,uniform_high,uniform_high,8,majority_mismatch_rate,1,0.05918367346938774
adaptive_scope,ecology_perception_smoke_v1_r1_mu10,ecology_perception_smoke_v1_r2_mu10,uniform_high,uniform_high,8,majority_mismatch_rate,0,0.0
adaptive_scope,ecology_perception_smoke_v1_r1_mu10,ecology_perception_smoke_v1_r2_mu10,uniform_high,uniform_high,8,majority_mismatch_rate,1,0.0
adaptive_scope,ecology_perception_smoke_v1_r1_mu10,ecology_perception_smoke_v1_r3_mu10,uniform_high,uniform_high,8,majority_mismatch_rate,0,0.0
adaptive_scope,ecology_perception_smoke_v1_r1_mu10,ecology_perception_smoke_v1_r3_mu10,uniform_high,uniform_high,8,majority_mismatch_rate,1,0.023809523809523822
adaptive_minus_matched,ecology_perception_smoke_v1_r1_mu10,ecology_perception_smoke_v1_r0_r1_mu10,uniform_high,uniform_high,8,majority_tie_rate,0,-0.0357142857142857
adaptive_minus_matched,ecology_perception_smoke_v1_r1_mu10,ecology_perception_smoke_v1_r0_r1_mu10,uniform_high,uniform_high,8,majority_tie_rate,1,0.05357142857142855
adaptive_scope,ecology_perception_smoke_v1_r1_mu10,ecology_perception_smoke_v1_r2_mu10,uniform_high,uniform_high,8,majority_tie_rate,0,0.0
adaptive_scope,ecology_perception_smoke_v1_r1_mu10,ecology_perception_smoke_v1_r2_mu10,uniform_high,uniform_high,8,majority_tie_rate,1,0.0
adaptive_scope,ecology_perception_smoke_v1_r1_mu10,ecology_perception_smoke_v1_r3_mu10,uniform_high,uniform_high,8,majority_tie_rate,0,0.0
adaptive_scope,ecology_perception_smoke_v1_r1_mu10,ecology_perception_smoke_v1_r3_mu10,uniform_high,uniform_high,8,majority_tie_rate,1,-0.0892857142857143
adaptive_minus_matched,ecology_perception_smoke_v1_r1_mu10,ecology_perception_smoke_v1_r0_r1_mu10,uniform_high,uniform_high,8,visibility_gini,0,0.01004464285714285
adaptive_minus_matched,ecology_perception_smoke_v1_r1_mu10,ecology_perception_smoke_v1_r0_r1_mu10,uniform_high,uniform_high,8,visibility_gini,1,0.02566964285714285
adaptive_scope,ecology_perception_smoke_v1_r1_mu10,ecology_perception_smoke_v1_r2_mu10,uniform_high,uniform_high,8,visibility_gini,0,0.0
adaptive_scope,ecology_perception_smoke_v1_r1_mu10,ecology_perception_smoke_v1_r2_mu10,uniform_high,uniform_high,8,visibility_gini,1,0.0
adaptive_scope,ecology_perception_smoke_v1_r1_mu10,ecology_perception_smoke_v1_r3_mu10,uniform_high,uniform_high,8,visibility_gini,0,0.0
adaptive_scope,ecology_perception_smoke_v1_r1_mu10,ecology_perception_smoke_v1_r3_mu10,uniform_high,uniform_high,8,visibility_gini,1,0.0
adaptive_minus_matched,ecology_perception_smoke_v1_r1_mu10,ecology_perception_smoke_v1_r0_r1_mu10,uniform_high,uniform_high,8,low_extraction_rate,0,0.0535714285714286
adaptive_minus_matched,ecology_perception_smoke_v1_r1_mu10,ecology_perception_smoke_v1_r0_r1_mu10,uniform_high,uniform_high,8,low_extraction_rate,1,-0.0714285714285714
adaptive_scope,ecology_perception_smoke_v1_r1_mu10,ecology_perception_smoke_v1_r2_mu10,uniform_high,uniform_high,8,low_extraction_rate,0,0.0
adaptive_scope,ecology_perception_smoke_v1_r1_mu10,ecology_perception_smoke_v1_r2_mu10,uniform_high,uniform_high,8,low_extraction_rate,1,0.0
adaptive_scope,ecology_perception_smoke_v1_r1_mu10,ecology_perception_smoke_v1_r3_mu10,uniform_high,uniform_high,8,low_extraction_rate,0,0.0
adaptive_scope,ecology_perception_smoke_v1_r1_mu10,ecology_perception_smoke_v1_r3_mu10,uniform_high,uniform_high,8,low_extraction_rate,1,-0.0714285714285714
random_scope,ecology_perception_smoke_v1_r0_r1_mu10,ecology_perception_smoke_v1_r0_r2_mu10,uniform_high,uniform_high,8,social_perception_error,0,0.0
random_scope,ecology_perception_smoke_v1_r0_r1_mu10,ecology_perception_smoke_v1_r0_r2_mu10,uniform_high,uniform_high,8,social_perception_error,1,0.0
random_scope,ecology_perception_smoke_v1_r0_r1_mu10,ecology_perception_smoke_v1_r0_r3_mu10,uniform_high,uniform_high,8,social_perception_error,0,0.0
random_scope,ecology_perception_smoke_v1_r0_r1_mu10,ecology_perception_smoke_v1_r0_r3_mu10,uniform_high,uniform_high,8,social_perception_error,1,0.0
random_scope,ecology_perception_smoke_v1_r0_r1_mu10,ecology_perception_smoke_v1_r0_r2_mu10,uniform_high,uniform_high,8,majority_mismatch_rate,0,0.0
random_scope,ecology_perception_smoke_v1_r0_r1_mu10,ecology_perception_smoke_v1_r0_r2_mu10,uniform_high,uniform_high,8,majority_mismatch_rate,1,0.0
random_scope,ecology_perception_smoke_v1_r0_r1_mu10,ecology_perception_smoke_v1_r0_r3_mu10,uniform_high,uniform_high,8,majority_mismatch_rate,0,0.0
random_scope,ecology_perception_smoke_v1_r0_r1_mu10,ecology_perception_smoke_v1_r0_r3_mu10,uniform_high,uniform_high,8,majority_mismatch_rate,1,0.0
random_scope,ecology_perception_smoke_v1_r0_r1_mu10,ecology_perception_smoke_v1_r0_r2_mu10,uniform_high,uniform_high,8,majority_tie_rate,0,0.0
random_scope,ecology_perception_smoke_v1_r0_r1_mu10,ecology_perception_smoke_v1_r0_r2_mu10,uniform_high,uniform_high,8,majority_tie_rate,1,0.0
random_scope,ecology_perception_smoke_v1_r0_r1_mu10,ecology_perception_smoke_v1_r0_r3_mu10,uniform_high,uniform_high,8,majority_tie_rate,0,0.0
random_scope,ecology_perception_smoke_v1_r0_r1_mu10,ecology_perception_smoke_v1_r0_r3_mu10,uniform_high,uniform_high,8,majority_tie_rate,1,0.0
random_scope,ecology_perception_smoke_v1_r0_r1_mu10,ecology_perception_smoke_v1_r0_r2_mu10,uniform_high,uniform_high,8,visibility_gini,0,0.0
random_scope,ecology_perception_smoke_v1_r0_r1_mu10,ecology_perception_smoke_v1_r0_r2_mu10,uniform_high,uniform_high,8,visibility_gini,1,0.0
random_scope,ecology_perception_smoke_v1_r0_r1_mu10,ecology_perception_smoke_v1_r0_r3_mu10,uniform_high,uniform_high,8,visibility_gini,0,0.0
random_scope,ecology_perception_smoke_v1_r0_r1_mu10,ecology_perception_smoke_v1_r0_r3_mu10,uniform_high,uniform_high,8,visibility_gini,1,0.0
random_scope,ecology_perception_smoke_v1_r0_r1_mu10,ecology_perception_smoke_v1_r0_r2_mu10,uniform_high,uniform_high,8,low_extraction_rate,0,0.0
random_scope,ecology_perception_smoke_v1_r0_r1_mu10,ecology_perception_smoke_v1_r0_r2_mu10,uniform_high,uniform_high,8,low_extraction_rate,1,0.0
random_scope,ecology_perception_smoke_v1_r0_r1_mu10,ecology_perception_smoke_v1_r0_r3_mu10,uniform_high,uniform_high,8,low_extraction_rate,0,0.0
random_scope,ecology_perception_smoke_v1_r0_r1_mu10,ecology_perception_smoke_v1_r0_r3_mu10,uniform_high,uniform_high,8,low_extraction_rate,1,0.0
adaptive_minus_matched,ecology_perception_smoke_v1_r2_mu10,ecology_perception_smoke_v1_r0_r2_mu10,uniform_high,uniform_high,8,social_perception_error,0,-0.022321428571428548
adaptive_minus_matched,ecology_perception_smoke_v1_r2_mu10,ecology_perception_smoke_v1_r0_r2_mu10,uniform_high,uniform_high,8,social_perception_error,1,0.005102040816326536
adaptive_scope,ecology_perception_smoke_v1_r2_mu10,ecology_perception_smoke_v1_r3_mu10,uniform_high,uniform_high,8,social_perception_error,0,0.0
adaptive_scope,ecology_perception_smoke_v1_r2_mu10,ecology_perception_smoke_v1_r3_mu10,uniform_high,uniform_high,8,social_perception_error,1,0.014030612244897975
adaptive_minus_matched,ecology_perception_smoke_v1_r2_mu10,ecology_perception_smoke_v1_r0_r2_mu10,uniform_high,uniform_high,8,majority_mismatch_rate,0,-0.03809523809523811
adaptive_minus_matched,ecology_perception_smoke_v1_r2_mu10,ecology_perception_smoke_v1_r0_r2_mu10,uniform_high,uniform_high,8,majority_mismatch_rate,1,0.05918367346938774
adaptive_scope,ecology_perception_smoke_v1_r2_mu10,ecology_perception_smoke_v1_r3_mu10,uniform_high,uniform_high,8,majority_mismatch_rate,0,0.0
adaptive_scope,ecology_perception_smoke_v1_r2_mu10,ecology_perception_smoke_v1_r3_mu10,uniform_high,uniform_high,8,majority_mismatch_rate,1,0.023809523809523822
adaptive_minus_matched,ecology_perception_smoke_v1_r2_mu10,ecology_perception_smoke_v1_r0_r2_mu10,uniform_high,uniform_high,8,majority_tie_rate,0,-0.0357142857142857
adaptive_minus_matched,ecology_perception_smoke_v1_r2_mu10,ecology_perception_smoke_v1_r0_r2_mu10,uniform_high,uniform_high,8,majority_tie_rate,1,0.05357142857142855
adaptive_scope,ecology_perception_smoke_v1_r2_mu10,ecology_perception_smoke_v1_r3_mu10,uniform_high,uniform_high,8,majority_tie_rate,0,0.0
adaptive_scope,ecology_perception_smoke_v1_r2_mu10,ecology_perception_smoke_v1_r3_mu10,uniform_high,uniform_high,8,majority_tie_rate,1,-0.0892857142857143
adaptive_minus_matched,ecology_perception_smoke_v1_r2_mu10,ecology_perception_smoke_v1_r0_r2_mu10,uniform_high,uniform_high,8,visibility_gini,0,0.01004464285714285
adaptive_minus_matched,ecology_perception_smoke_v1_r2_mu10,ecology_perception_smoke_v1_r0_r2_mu10,uniform_high,uniform_high,8,visibility_gini,1,0.02566964285714285
adaptive_scope,ecology_perception_smoke_v1_r2_mu10,ecology_perception_smoke_v1_r3_mu10,uniform_high,uniform_high,8,visibility_gini,0,0.0
adaptive_scope,ecology_perception_smoke_v1_r2_mu10,ecology_perception_smoke_v1_r3_mu10,uniform_high,uniform_high,8,visibility_gini,1,0.0
adaptive_minus_matched,ecology_perception_smoke_v1_r2_mu10,ecology_perception_smoke_v1_r0_r2_mu10,uniform_high,uniform_high,8,low_extraction_rate,0,0.0535714285714286
adaptive_minus_matched,ecology_perception_smoke_v1_r2_mu10,ecology_perception_smoke_v1_r0_r2_mu10,uniform_high,uniform_high,8,low_extraction_rate,1,-0.0714285714285714
adaptive_scope,ecology_perception_smoke_v1_r2_mu10,ecology_perception_smoke_v1_r3_mu10,uniform_high,uniform_high,8,low_extraction_rate,0,0.0
adaptive_scope,ecology_perception_smoke_v1_r2_mu10,ecology_perception_smoke_v1_r3_mu10,uniform_high,uniform_high,8,low_extraction_rate,1,-0.0714285714285714
random_scope,ecology_perception_smoke_v1_r0_r2_mu10,ecology_perception_smoke_v1_r0_r3_mu10,uniform_high,uniform_high,8,social_perception_error,0,0.0
random_scope,ecology_perception_smoke_v1_r0_r2_mu10,ecology_perception_smoke_v1_r0_r3_mu10,uniform_high,uniform_high,8,social_perception_error,1,0.0
random_scope,ecology_perception_smoke_v1_r0_r2_mu10,ecology_perception_smoke_v1_r0_r3_mu10,uniform_high,uniform_high,8,majority_mismatch_rate,0,0.0
random_scope,ecology_perception_smoke_v1_r0_r2_mu10,ecology_perception_smoke_v1_r0_r3_mu10,uniform_high,uniform_high,8,majority_mismatch_rate,1,0.0
random_scope,ecology_perception_smoke_v1_r0_r2_mu10,ecology_perception_smoke_v1_r0_r3_mu10,uniform_high,uniform_high,8,majority_tie_rate,0,0.0
random_scope,ecology_perception_smoke_v1_r0_r2_mu10,ecology_perception_smoke_v1_r0_r3_mu10,uniform_high,uniform_high,8,majority_tie_rate,1,0.0
random_scope,ecology_perception_smoke_v1_r0_r2_mu10,ecology_perception_smoke_v1_r0_r3_mu10,uniform_high,uniform_high,8,visibility_gini,0,0.0
random_scope,ecology_perception_smoke_v1_r0_r2_mu10,ecology_perception_smoke_v1_r0_r3_mu10,uniform_high,uniform_high,8,visibility_gini,1,0.0
random_scope,ecology_perception_smoke_v1_r0_r2_mu10,ecology_perception_smoke_v1_r0_r3_mu10,uniform_high,uniform_high,8,low_extraction_rate,0,0.0
random_scope,ecology_perception_smoke_v1_r0_r2_mu10,ecology_perception_smoke_v1_r0_r3_mu10,uniform_high,uniform_high,8,low_extraction_rate,1,0.0
adaptive_minus_matched,ecology_perception_smoke_v1_r3_mu10,ecology_perception_smoke_v1_r0_r3_mu10,uniform_high,uniform_high,8,social_perception_error,0,-0.022321428571428548
adaptive_minus_matched,ecology_perception_smoke_v1_r3_mu10,ecology_perception_smoke_v1_r0_r3_mu10,uniform_high,uniform_high,8,social_perception_error,1,-0.008928571428571438
adaptive_minus_matched,ecology_perception_smoke_v1_r3_mu10,ecology_perception_smoke_v1_r0_r3_mu10,uniform_high,uniform_high,8,majority_mismatch_rate,0,-0.03809523809523811
adaptive_minus_matched,ecology_perception_smoke_v1_r3_mu10,ecology_perception_smoke_v1_r0_r3_mu10,uniform_high,uniform_high,8,majority_mismatch_rate,1,0.03537414965986392
adaptive_minus_matched,ecology_perception_smoke_v1_r3_mu10,ecology_perception_smoke_v1_r0_r3_mu10,uniform_high,uniform_high,8,majority_tie_rate,0,-0.0357142857142857
adaptive_minus_matched,ecology_perception_smoke_v1_r3_mu10,ecology_perception_smoke_v1_r0_r3_mu10,uniform_high,uniform_high,8,majority_tie_rate,1,0.14285714285714285
adaptive_minus_matched,ecology_perception_smoke_v1_r3_mu10,ecology_perception_smoke_v1_r0_r3_mu10,uniform_high,uniform_high,8,visibility_gini,0,0.01004464285714285
adaptive_minus_matched,ecology_perception_smoke_v1_r3_mu10,ecology_perception_smoke_v1_r0_r3_mu10,uniform_high,uniform_high,8,visibility_gini,1,0.02566964285714285
adaptive_minus_matched,ecology_perception_smoke_v1_r3_mu10,ecology_perception_smoke_v1_r0_r3_mu10,uniform_high,uniform_high,8,low_extraction_rate,0,0.0535714285714286
adaptive_minus_matched,ecology_perception_smoke_v1_r3_mu10,ecology_perception_smoke_v1_r0_r3_mu10,uniform_high,uniform_high,8,low_extraction_rate,1,0.0
fixed_structure,ecology_perception_smoke_v1_s2,ecology_perception_smoke_v1_s1,uniform_high,uniform_high,8,eval_mean_mean_resource_fraction,0,-0.0002678037921676202
fixed_structure,ecology_perception_smoke_v1_s2,ecology_perception_smoke_v1_s1,uniform_high,uniform_high,8,eval_mean_mean_resource_fraction,1,0.003175276653778425
fixed_structure,ecology_perception_smoke_v1_s2,ecology_perception_smoke_v1_s1,uniform_high,uniform_high,8,eval_mean_mean_reserve_welfare,0,0.0
fixed_structure,ecology_perception_smoke_v1_s2,ecology_perception_smoke_v1_s1,uniform_high,uniform_high,8,eval_mean_mean_reserve_welfare,1,0.0
fixed_structure,ecology_perception_smoke_v1_s2,ecology_perception_smoke_v1_s1,uniform_high,uniform_high,8,final_wealth_gini,0,0.07217058501913631
fixed_structure,ecology_perception_smoke_v1_s2,ecology_perception_smoke_v1_s1,uniform_high,uniform_high,8,final_wealth_gini,1,0.0457317073170731
adaptive_minus_matched,ecology_perception_smoke_v1_r1_mu10,ecology_perception_smoke_v1_r0_r1_mu10,uniform_high,uniform_high,8,eval_mean_mean_resource_fraction,0,0.0011695421806894313
adaptive_minus_matched,ecology_perception_smoke_v1_r1_mu10,ecology_perception_smoke_v1_r0_r1_mu10,uniform_high,uniform_high,8,eval_mean_mean_resource_fraction,1,3.277940732726581e-05
adaptive_scope,ecology_perception_smoke_v1_r1_mu10,ecology_perception_smoke_v1_r2_mu10,uniform_high,uniform_high,8,eval_mean_mean_resource_fraction,0,0.0
adaptive_scope,ecology_perception_smoke_v1_r1_mu10,ecology_perception_smoke_v1_r2_mu10,uniform_high,uniform_high,8,eval_mean_mean_resource_fraction,1,0.0
adaptive_scope,ecology_perception_smoke_v1_r1_mu10,ecology_perception_smoke_v1_r3_mu10,uniform_high,uniform_high,8,eval_mean_mean_resource_fraction,0,0.0
adaptive_scope,ecology_perception_smoke_v1_r1_mu10,ecology_perception_smoke_v1_r3_mu10,uniform_high,uniform_high,8,eval_mean_mean_resource_fraction,1,-0.005614662161248729
adaptive_minus_matched,ecology_perception_smoke_v1_r1_mu10,ecology_perception_smoke_v1_r0_r1_mu10,uniform_high,uniform_high,8,eval_mean_mean_reserve_welfare,0,0.0
adaptive_minus_matched,ecology_perception_smoke_v1_r1_mu10,ecology_perception_smoke_v1_r0_r1_mu10,uniform_high,uniform_high,8,eval_mean_mean_reserve_welfare,1,0.0
adaptive_scope,ecology_perception_smoke_v1_r1_mu10,ecology_perception_smoke_v1_r2_mu10,uniform_high,uniform_high,8,eval_mean_mean_reserve_welfare,0,0.0
adaptive_scope,ecology_perception_smoke_v1_r1_mu10,ecology_perception_smoke_v1_r2_mu10,uniform_high,uniform_high,8,eval_mean_mean_reserve_welfare,1,0.0
adaptive_scope,ecology_perception_smoke_v1_r1_mu10,ecology_perception_smoke_v1_r3_mu10,uniform_high,uniform_high,8,eval_mean_mean_reserve_welfare,0,0.0
adaptive_scope,ecology_perception_smoke_v1_r1_mu10,ecology_perception_smoke_v1_r3_mu10,uniform_high,uniform_high,8,eval_mean_mean_reserve_welfare,1,0.0
adaptive_minus_matched,ecology_perception_smoke_v1_r1_mu10,ecology_perception_smoke_v1_r0_r1_mu10,uniform_high,uniform_high,8,final_wealth_gini,0,-0.06355932203389836
adaptive_minus_matched,ecology_perception_smoke_v1_r1_mu10,ecology_perception_smoke_v1_r0_r1_mu10,uniform_high,uniform_high,8,final_wealth_gini,1,-0.006880733944954365
adaptive_scope,ecology_perception_smoke_v1_r1_mu10,ecology_perception_smoke_v1_r2_mu10,uniform_high,uniform_high,8,final_wealth_gini,0,0.0
adaptive_scope,ecology_perception_smoke_v1_r1_mu10,ecology_perception_smoke_v1_r2_mu10,uniform_high,uniform_high,8,final_wealth_gini,1,0.0
adaptive_scope,ecology_perception_smoke_v1_r1_mu10,ecology_perception_smoke_v1_r3_mu10,uniform_high,uniform_high,8,final_wealth_gini,0,0.0
adaptive_scope,ecology_perception_smoke_v1_r1_mu10,ecology_perception_smoke_v1_r3_mu10,uniform_high,uniform_high,8,final_wealth_gini,1,-0.03359847745461653
random_scope,ecology_perception_smoke_v1_r0_r1_mu10,ecology_perception_smoke_v1_r0_r2_mu10,uniform_high,uniform_high,8,eval_mean_mean_resource_fraction,0,0.0
random_scope,ecology_perception_smoke_v1_r0_r1_mu10,ecology_perception_smoke_v1_r0_r2_mu10,uniform_high,uniform_high,8,eval_mean_mean_resource_fraction,1,0.0
random_scope,ecology_perception_smoke_v1_r0_r1_mu10,ecology_perception_smoke_v1_r0_r3_mu10,uniform_high,uniform_high,8,eval_mean_mean_resource_fraction,0,0.0
random_scope,ecology_perception_smoke_v1_r0_r1_mu10,ecology_perception_smoke_v1_r0_r3_mu10,uniform_high,uniform_high,8,eval_mean_mean_resource_fraction,1,0.0
random_scope,ecology_perception_smoke_v1_r0_r1_mu10,ecology_perception_smoke_v1_r0_r2_mu10,uniform_high,uniform_high,8,eval_mean_mean_reserve_welfare,0,0.0
random_scope,ecology_perception_smoke_v1_r0_r1_mu10,ecology_perception_smoke_v1_r0_r2_mu10,uniform_high,uniform_high,8,eval_mean_mean_reserve_welfare,1,0.0
random_scope,ecology_perception_smoke_v1_r0_r1_mu10,ecology_perception_smoke_v1_r0_r3_mu10,uniform_high,uniform_high,8,eval_mean_mean_reserve_welfare,0,0.0
random_scope,ecology_perception_smoke_v1_r0_r1_mu10,ecology_perception_smoke_v1_r0_r3_mu10,uniform_high,uniform_high,8,eval_mean_mean_reserve_welfare,1,0.0
random_scope,ecology_perception_smoke_v1_r0_r1_mu10,ecology_perception_smoke_v1_r0_r2_mu10,uniform_high,uniform_high,8,final_wealth_gini,0,0.0
random_scope,ecology_perception_smoke_v1_r0_r1_mu10,ecology_perception_smoke_v1_r0_r2_mu10,uniform_high,uniform_high,8,final_wealth_gini,1,0.0
random_scope,ecology_perception_smoke_v1_r0_r1_mu10,ecology_perception_smoke_v1_r0_r3_mu10,uniform_high,uniform_high,8,final_wealth_gini,0,0.0
random_scope,ecology_perception_smoke_v1_r0_r1_mu10,ecology_perception_smoke_v1_r0_r3_mu10,uniform_high,uniform_high,8,final_wealth_gini,1,0.0
adaptive_minus_matched,ecology_perception_smoke_v1_r2_mu10,ecology_perception_smoke_v1_r0_r2_mu10,uniform_high,uniform_high,8,eval_mean_mean_resource_fraction,0,0.0011695421806894313
adaptive_minus_matched,ecology_perception_smoke_v1_r2_mu10,ecology_perception_smoke_v1_r0_r2_mu10,uniform_high,uniform_high,8,eval_mean_mean_resource_fraction,1,3.277940732726581e-05
adaptive_scope,ecology_perception_smoke_v1_r2_mu10,ecology_perception_smoke_v1_r3_mu10,uniform_high,uniform_high,8,eval_mean_mean_resource_fraction,0,0.0
adaptive_scope,ecology_perception_smoke_v1_r2_mu10,ecology_perception_smoke_v1_r3_mu10,uniform_high,uniform_high,8,eval_mean_mean_resource_fraction,1,-0.005614662161248729
adaptive_minus_matched,ecology_perception_smoke_v1_r2_mu10,ecology_perception_smoke_v1_r0_r2_mu10,uniform_high,uniform_high,8,eval_mean_mean_reserve_welfare,0,0.0
adaptive_minus_matched,ecology_perception_smoke_v1_r2_mu10,ecology_perception_smoke_v1_r0_r2_mu10,uniform_high,uniform_high,8,eval_mean_mean_reserve_welfare,1,0.0
adaptive_scope,ecology_perception_smoke_v1_r2_mu10,ecology_perception_smoke_v1_r3_mu10,uniform_high,uniform_high,8,eval_mean_mean_reserve_welfare,0,0.0
adaptive_scope,ecology_perception_smoke_v1_r2_mu10,ecology_perception_smoke_v1_r3_mu10,uniform_high,uniform_high,8,eval_mean_mean_reserve_welfare,1,0.0
adaptive_minus_matched,ecology_perception_smoke_v1_r2_mu10,ecology_perception_smoke_v1_r0_r2_mu10,uniform_high,uniform_high,8,final_wealth_gini,0,-0.06355932203389836
adaptive_minus_matched,ecology_perception_smoke_v1_r2_mu10,ecology_perception_smoke_v1_r0_r2_mu10,uniform_high,uniform_high,8,final_wealth_gini,1,-0.006880733944954365
adaptive_scope,ecology_perception_smoke_v1_r2_mu10,ecology_perception_smoke_v1_r3_mu10,uniform_high,uniform_high,8,final_wealth_gini,0,0.0
adaptive_scope,ecology_perception_smoke_v1_r2_mu10,ecology_perception_smoke_v1_r3_mu10,uniform_high,uniform_high,8,final_wealth_gini,1,-0.03359847745461653
random_scope,ecology_perception_smoke_v1_r0_r2_mu10,ecology_perception_smoke_v1_r0_r3_mu10,uniform_high,uniform_high,8,eval_mean_mean_resource_fraction,0,0.0
random_scope,ecology_perception_smoke_v1_r0_r2_mu10,ecology_perception_smoke_v1_r0_r3_mu10,uniform_high,uniform_high,8,eval_mean_mean_resource_fraction,1,0.0
random_scope,ecology_perception_smoke_v1_r0_r2_mu10,ecology_perception_smoke_v1_r0_r3_mu10,uniform_high,uniform_high,8,eval_mean_mean_reserve_welfare,0,0.0
random_scope,ecology_perception_smoke_v1_r0_r2_mu10,ecology_perception_smoke_v1_r0_r3_mu10,uniform_high,uniform_high,8,eval_mean_mean_reserve_welfare,1,0.0
random_scope,ecology_perception_smoke_v1_r0_r2_mu10,ecology_perception_smoke_v1_r0_r3_mu10,uniform_high,uniform_high,8,final_wealth_gini,0,0.0
random_scope,ecology_perception_smoke_v1_r0_r2_mu10,ecology_perception_smoke_v1_r0_r3_mu10,uniform_high,uniform_high,8,final_wealth_gini,1,0.0
adaptive_minus_matched,ecology_perception_smoke_v1_r3_mu10,ecology_perception_smoke_v1_r0_r3_mu10,uniform_high,uniform_high,8,eval_mean_mean_resource_fraction,0,0.0011695421806894313
adaptive_minus_matched,ecology_perception_smoke_v1_r3_mu10,ecology_perception_smoke_v1_r0_r3_mu10,uniform_high,uniform_high,8,eval_mean_mean_resource_fraction,1,0.005647441568575995
adaptive_minus_matched,ecology_perception_smoke_v1_r3_mu10,ecology_perception_smoke_v1_r0_r3_mu10,uniform_high,uniform_high,8,eval_mean_mean_reserve_welfare,0,0.0
adaptive_minus_matched,ecology_perception_smoke_v1_r3_mu10,ecology_perception_smoke_v1_r0_r3_mu10,uniform_high,uniform_high,8,eval_mean_mean_reserve_welfare,1,0.0
adaptive_minus_matched,ecology_perception_smoke_v1_r3_mu10,ecology_perception_smoke_v1_r0_r3_mu10,uniform_high,uniform_high,8,final_wealth_gini,0,-0.06355932203389836
adaptive_minus_matched,ecology_perception_smoke_v1_r3_mu10,ecology_perception_smoke_v1_r0_r3_mu10,uniform_high,uniform_high,8,final_wealth_gini,1,0.026717743509662162
