scenario,population,replicate,social_mode,time,low_extraction_rate,collective_order,action_entropy,mean_resource_fraction,total_resource,mean_reserve_welfare,mean_need_satisfaction,deprivation_rate,mean_metabolic_shortfall,mean_energy,wealth_gini,mean_wealth,mean_social_low_fraction,mean_epsilon
uniform_high,8,0,fixed,1,0.5,0.0,1.0,0.5038427591111112,37.78820693333333,0.998,1.0,0.0,0.0,0.998,0.40909090909090917,0.011,0.53125,0.19990000000000002
uniform_high,8,0,fixed,20,0.25,0.5,0.8112781244591328,0.5604098972728802,42.03074229546601,0.998,1.0,0.0,0.0,0.998,0.16194817658349336,0.26049999999999995,0.3125,0.19800947156046594
uniform_high,8,0,fixed,40,0.0,1.0,0.0,0.5899532526363404,44.24649394772552,0.998,1.0,0.0,0.0,0.998,0.10529089376053968,0.5930000000000002,0.0,0.19603875413827485
uniform_high,8,0,fixed,60,0.25,0.5,0.8112781244591328,0.6006805468345585,45.05104101259188,0.998,1.0,0.0,0.0,0.998,0.06854856002825715,0.9493741517538206,0.28125,0.1940876505614596
uniform_high,8,0,fixed,80,0.25,0.5,0.8112781244591328,0.6034993447844346,45.26245085883259,0.998,1.0,0.0,0.0,0.998,0.057287900682730264,1.2962445310078103,0.25,0.19215596562043488
uniform_high,8,0,fixed,100,0.25,0.5,0.8112781244591328,0.6045887504938269,45.34415628703701,0.998,1.0,0.0,0.0,0.998,0.06074429073824206,1.62415632820271,0.21875,0.19024350604846688
uniform_high,8,0,fixed,120,0.0,1.0,0.0,0.6074053222471624,45.555399168537186,0.998,1.0,0.0,0.0,0.998,0.06425390745292803,1.9230279722652885,0.0,0.18835008050233615
uniform_high,8,0,fixed,140,0.0,1.0,0.0,0.6045977802733736,45.344833520503016,0.998,1.0,0.0,0.0,0.998,0.07044457513843883,2.261318854763097,0.0,0.186475499543194
uniform_high,8,0,fixed,160,0.0,1.0,0.0,0.6059850136388816,45.44887602291612,0.998,1.0,0.0,0.0,0.998,0.07659587486281083,2.5622647152460454,0.0,0.1846195756176088
uniform_high,8,0,fixed,180,0.0,1.0,0.0,0.6048695728911428,45.3652179668357,0.998,1.0,0.0,0.0,0.998,0.07860231535231743,2.8847300882686295,0.0,0.18278212303880104
uniform_high,8,0,fixed,200,0.125,0.75,0.5435644431995964,0.6044184146965581,45.33138110224185,0.998,1.0,0.0,0.0,0.998,0.07948004933046748,3.2006029289753704,0.09375,0.1809629579680653
uniform_high,8,0,fixed,220,0.0,1.0,0.0,0.6057055352420071,45.42791514315052,0.998,1.0,0.0,0.0,0.998,0.08211847857441223,3.5028502002502617,0.0,0.1791618983963771
uniform_high,8,0,fixed,240,0.0,1.0,0.0,0.6044628129828741,45.33471097371556,0.998,1.0,0.0,0.0,0.998,0.08266474192100803,3.8270733974029643,0.0,0.1773787641261826
uniform_high,8,0,fixed,260,0.0,1.0,0.0,0.6038025244858525,45.28518933643894,0.998,1.0,0.0,0.0,0.998,0.08455774332287636,4.146817561847547,0.0,0.17561337675336977
uniform_high,8,0,fixed,280,0.125,0.75,0.5435644431995964,0.6024166774819332,45.181250811145,0.998,1.0,0.0,0.0,0.998,0.08692669089273708,4.473001493098346,0.125,0.1738655596494188
uniform_high,8,0,fixed,300,0.0,1.0,0.0,0.6014292674796832,45.10719506097623,0.998,1.0,0.0,0.0,0.998,0.08887059589060042,4.798838723058454,0.0,0.17213513794373045
patchy_high,8,0,fixed,1,0.5,0.0,1.0,0.5039322368700682,37.78820524181585,0.998,1.0,0.0,0.0,0.998,0.40909090909090917,0.011,0.53125,0.19990000000000002
patchy_high,8,0,fixed,20,0.25,0.5,0.8112781244591328,0.561231497563263,42.03570705898378,0.998,1.0,0.0,0.0,0.998,0.16880445304937086,0.25825,0.3125,0.19800947156046594
patchy_high,8,0,fixed,40,0.25,0.5,0.8112781244591328,0.5917299611359853,44.29899186791912,0.998,1.0,0.0,0.0,0.998,0.10280424426158508,0.5772500000000002,0.15625,0.19603875413827485
patchy_high,8,0,fixed,60,0.375,0.25,0.954434002924965,0.6066929640173657,45.438544621486976,0.998,1.0,0.0,0.0,0.998,0.08016457728819404,0.8814239402095906,0.375,0.1940876505614596
patchy_high,8,0,fixed,80,0.25,0.5,0.8112781244591328,0.614717969216442,46.04542905669019,0.998,1.0,0.0,0.0,0.998,0.08002853107954944,1.1678718060112363,0.25,0.19215596562043488
patchy_high,8,0,fixed,100,0.375,0.25,0.954434002924965,0.6170415749517407,46.235172921765205,0.998,1.0,0.0,0.0,0.998,0.08435202634403693,1.4623860113101952,0.28125,0.19024350604846688
patchy_high,8,0,fixed,120,0.0,1.0,0.0,0.619653766734093,46.44466725240358,0.998,1.0,0.0,0.0,0.998,0.08651471646919529,1.7316302291244328,0.0,0.18835008050233615
patchy_high,8,0,fixed,140,0.125,0.75,0.5435644431995964,0.6201332646095886,46.46611542751749,0.998,1.0,0.0,0.0,0.998,0.09485132422174614,2.013848530720059,0.15625,0.186475499543194
patchy_high,8,0,fixed,160,0.125,0.75,0.5435644431995964,0.6216750856712882,46.57763412031939,0.998,1.0,0.0,0.0,0.998,0.0987332113298478,2.2848223161942784,0.0625,0.1846195756176088
patchy_high,8,0,fixed,180,0.375,0.25,0.954434002924965,0.6234775442107593,46.72239565797838,0.998,1.0,0.0,0.0,0.998,0.10156631368004154,2.5483871542987893,0.375,0.18278212303880104
patchy_high,8,0,fixed,200,0.25,0.5,0.8112781244591328,0.6225967449370112,46.644647416481824,0.998,1.0,0.0,0.0,0.998,0.10398934569918294,2.837327081426194,0.25,0.1809629579680653
patchy_high,8,0,fixed,220,0.0,1.0,0.0,0.6224622877002454,46.639340473664454,0.998,1.0,0.0,0.0,0.998,0.10619907562050646,3.1153126669325095,0.0,0.1791618983963771
patchy_high,8,0,fixed,240,0.125,0.75,0.5435644431995964,0.6216714617921774,46.58257311036217,0.998,1.0,0.0,0.0,0.998,0.10897432953012931,3.398726657171845,0.15625,0.1773787641261826
patchy_high,8,0,fixed,260,0.125,0.75,0.5435644431995964,0.6211672698720812,46.54916880176349,0.998,1.0,0.0,0.0,0.998,0.11169413289052588,3.6803471398989354,0.15625,0.17561337675336977
patchy_high,8,0,fixed,280,0.125,0.75,0.5435644431995964,0.6213611091645507,46.55522412023182,0.998,1.0,0.0,0.0,0.998,0.11447488616380253,3.959375139830944,0.125,0.1738655596494188
patchy_high,8,0,fixed,300,0.125,0.75,0.5435644431995964,0.6216809077024056,46.56761871811384,0.998,1.0,0.0,0.0,0.998,0.11707065420315055,4.239303422411113,0.15625,0.17213513794373045
