scenario,population,replicate,time,rewiring,rewire_theta,rewire_every,base_seed,social_network,social_k,training_steps,target_rewires,successful_rewires
uniform_high,8,0,2,prediction_error,1.0,2,42,random_k,4,12,,8
uniform_high,8,0,4,prediction_error,1.0,2,42,random_k,4,12,,8
uniform_high,8,0,6,prediction_error,1.0,2,42,random_k,4,12,,8
uniform_high,8,0,8,prediction_error,1.0,2,42,random_k,4,12,,8
uniform_high,8,0,10,prediction_error,1.0,2,42,random_k,4,12,,8
uniform_high,8,0,12,prediction_error,1.0,2,42,random_k,4,12,,8
uniform_high,8,1,2,prediction_error,1.0,2,42,random_k,4,12,,7
uniform_high,8,1,4,prediction_error,1.0,2,42,random_k,4,12,,8
uniform_high,8,1,6,prediction_error,1.0,2,42,random_k,4,12,,8
uniform_high,8,1,8,prediction_error,1.0,2,42,random_k,4,12,,8
uniform_high,8,1,10,prediction_error,1.0,2,42,random_k,4,12,,8
uniform_high,8,1,12,prediction_error,1.0,2,42,random_k,4,12,,8
