adaptive_run_id,r0_run_id,adaptive_label,r0_label,rewire_theta,rewire_mu,scenario,population,replicate,metric,adaptive_value,r0_value,adaptive_minus_r0
cleanup_final_r1_mu10,cleanup_final_r0_r1_mu10,R1,"R0 (theta=0, matched mu=1)",0.0,1.0,uniform_high,8,0,resource_fraction,0.48496136982787147,0.48379182764718204,0.0011695421806894313
cleanup_final_r1_mu10,cleanup_final_r0_r1_mu10,R1,"R0 (theta=0, matched mu=1)",0.0,1.0,uniform_high,8,0,reserve_welfare,0.9980000000000001,0.9980000000000001,0.0
cleanup_final_r1_mu10,cleanup_final_r0_r1_mu10,R1,"R0 (theta=0, matched mu=1)",0.0,1.0,uniform_high,8,0,need_satisfaction,1.0,1.0,0.0
cleanup_final_r1_mu10,cleanup_final_r0_r1_mu10,R1,"R0 (theta=0, matched mu=1)",0.0,1.0,uniform_high,8,0,deprivation_rate,0.0,0.0,0.0
cleanup_final_r1_mu10,cleanup_final_r0_r1_mu10,R1,"R0 (theta=0, matched mu=1)",0.0,1.0,uniform_high,8,0,wealth_gini,0.13347457627118642,0.19703389830508478,-0.06355932203389836
cleanup_final_r1_mu10,cleanup_final_r0_r1_mu10,R1,"R0 (theta=0, matched mu=1)",0.0,1.0,uniform_high,8,0,perception_error,0.14583333333333334,0.11830357142857144,0.027529761904761904
cleanup_final_r1_mu10,cleanup_final_r0_r1_mu10,R1,"R0 (theta=0, matched mu=1)",0.0,1.0,uniform_high,8,0,visibility_gini,0.1328125,0.1796875,-0.046875
cleanup_final_r1_mu10,cleanup_final_r0_r1_mu10,R1,"R0 (theta=0, matched mu=1)",0.0,1.0,uniform_high,8,0,majority_mismatch_rate,0.16666666666666666,0.041666666666666664,0.125
cleanup_final_r1_mu10,cleanup_final_r0_r1_mu10,R1,"R0 (theta=0, matched mu=1)",0.0,1.0,uniform_high,8,1,resource_fraction,0.48584300648228446,0.4858102270749572,3.277940732726581e-05
cleanup_final_r1_mu10,cleanup_final_r0_r1_mu10,R1,"R0 (theta=0, matched mu=1)",0.0,1.0,uniform_high,8,1,reserve_welfare,0.9980000000000001,0.9980000000000001,0.0
cleanup_final_r1_mu10,cleanup_final_r0_r1_mu10,R1,"R0 (theta=0, matched mu=1)",0.0,1.0,uniform_high,8,1,need_satisfaction,1.0,1.0,0.0
cleanup_final_r1_mu10,cleanup_final_r0_r1_mu10,R1,"R0 (theta=0, matched mu=1)",0.0,1.0,uniform_high,8,1,deprivation_rate,0.0,0.0,0.0
cleanup_final_r1_mu10,cleanup_final_r0_r1_mu10,R1,"R0 (theta=0, matched mu=1)",0.0,1.0,uniform_high,8,1,wealth_gini,0.28555045871559637,0.29243119266055073,-0.006880733944954365
cleanup_final_r1_mu10,cleanup_final_r0_r1_mu10,R1,"R0 (theta=0, matched mu=1)",0.0,1.0,uniform_high,8,1,perception_error,0.16592261904761907,0.1398809523809524,0.026041666666666657
cleanup_final_r1_mu10,cleanup_final_r0_r1_mu10,R1,"R0 (theta=0, matched mu=1)",0.0,1.0,uniform_high,8,1,visibility_gini,0.171875,0.1484375,0.0234375
cleanup_final_r1_mu10,cleanup_final_r0_r1_mu10,R1,"R0 (theta=0, matched mu=1)",0.0,1.0,uniform_high,8,1,majority_mismatch_rate,0.1111111111111111,0.2222222222222222,-0.1111111111111111
cleanup_final_r2_mu10,cleanup_final_r0_r2_mu10,R2,"R0 (theta=0.25, matched mu=1)",0.25,1.0,uniform_high,8,0,resource_fraction,0.48496136982787147,0.48379182764718204,0.0011695421806894313
cleanup_final_r2_mu10,cleanup_final_r0_r2_mu10,R2,"R0 (theta=0.25, matched mu=1)",0.25,1.0,uniform_high,8,0,reserve_welfare,0.9980000000000001,0.9980000000000001,0.0
cleanup_final_r2_mu10,cleanup_final_r0_r2_mu10,R2,"R0 (theta=0.25, matched mu=1)",0.25,1.0,uniform_high,8,0,need_satisfaction,1.0,1.0,0.0
cleanup_final_r2_mu10,cleanup_final_r0_r2_mu10,R2,"R0 (theta=0.25, matched mu=1)",0.25,1.0,uniform_high,8,0,deprivation_rate,0.0,0.0,0.0
cleanup_final_r2_mu10,cleanup_final_r0_r2_mu10,R2,"R0 (theta=0.25, matched mu=1)",0.25,1.0,uniform_high,8,0,wealth_gini,0.13347457627118642,0.19703389830508478,-0.06355932203389836
cleanup_final_r2_mu10,cleanup_final_r0_r2_mu10,R2,"R0 (theta=0.25, matched mu=1)",0.25,1.0,uniform_high,8,0,perception_error,0.14583333333333334,0.11830357142857144,0.027529761904761904
cleanup_final_r2_mu10,cleanup_final_r0_r2_mu10,R2,"R0 (theta=0.25, matched mu=1)",0.25,1.0,uniform_high,8,0,visibility_gini,0.1328125,0.1796875,-0.046875
cleanup_final_r2_mu10,cleanup_final_r0_r2_mu10,R2,"R0 (theta=0.25, matched mu=1)",0.25,1.0,uniform_high,8,0,majority_mismatch_rate,0.16666666666666666,0.041666666666666664,0.125
cleanup_final_r2_mu10,cleanup_final_r0_r2_mu10,R2,"R0 (theta=0.25, matched mu=1)",0.25,1.0,uniform_high,8,1,resource_fraction,0.48584300648228446,0.4858102270749572,3.277940732726581e-05
cleanup_final_r2_mu10,cleanup_final_r0_r2_mu10,R2,"R0 (theta=0.25, matched mu=1)",0.25,1.0,uniform_high,8,1,reserve_welfare,0.9980000000000001,0.9980000000000001,0.0
cleanup_final_r2_mu10,cleanup_final_r0_r2_mu10,R2,"R0 (theta=0.25, matched mu=1)",0.25,1.0,uniform_high,8,1,need_satisfaction,1.0,1.0,0.0
cleanup_final_r2_mu10,cleanup_final_r0_r2_mu10,R2,"R0 (theta=0.25, matched mu=1)",0.25,1.0,uniform_high,8,1,deprivation_rate,0.0,0.0,0.0
cleanup_final_r2_mu10,cleanup_final_r0_r2_mu10,R2,"R0 (theta=0.25, matched mu=1)",0.25,1.0,uniform_high,8,1,wealth_gini,0.28555045871559637,0.29243119266055073,-0.006880733944954365
cleanup_final_r2_mu10,cleanup_final_r0_r2_mu10,R2,"R0 (theta=0.25, matched mu=1)",0.25,1.0,uniform_high,8,1,perception_error,0.16592261904761907,0.1398809523809524,0.026041666666666657
cleanup_final_r2_mu10,cleanup_final_r0_r2_mu10,R2,"R0 (theta=0.25, matched mu=1)",0.25,1.0,uniform_high,8,1,visibility_gini,0.171875,0.1484375,0.0234375
cleanup_final_r2_mu10,cleanup_final_r0_r2_mu10,R2,"R0 (theta=0.25, matched mu=1)",0.25,1.0,uniform_high,8,1,majority_mismatch_rate,0.1111111111111111,0.2222222222222222,-0.1111111111111111
cleanup_final_r3_mu10,cleanup_final_r0_r3_mu10,R3,"R0 (theta=1, matched mu=1)",1.0,1.0,uniform_high,8,0,resource_fraction,0.48496136982787147,0.48379182764718204,0.0011695421806894313
cleanup_final_r3_mu10,cleanup_final_r0_r3_mu10,R3,"R0 (theta=1, matched mu=1)",1.0,1.0,uniform_high,8,0,reserve_welfare,0.9980000000000001,0.9980000000000001,0.0
cleanup_final_r3_mu10,cleanup_final_r0_r3_mu10,R3,"R0 (theta=1, matched mu=1)",1.0,1.0,uniform_high,8,0,need_satisfaction,1.0,1.0,0.0
cleanup_final_r3_mu10,cleanup_final_r0_r3_mu10,R3,"R0 (theta=1, matched mu=1)",1.0,1.0,uniform_high,8,0,deprivation_rate,0.0,0.0,0.0
cleanup_final_r3_mu10,cleanup_final_r0_r3_mu10,R3,"R0 (theta=1, matched mu=1)",1.0,1.0,uniform_high,8,0,wealth_gini,0.13347457627118642,0.19703389830508478,-0.06355932203389836
cleanup_final_r3_mu10,cleanup_final_r0_r3_mu10,R3,"R0 (theta=1, matched mu=1)",1.0,1.0,uniform_high,8,0,perception_error,0.14583333333333334,0.11830357142857144,0.027529761904761904
cleanup_final_r3_mu10,cleanup_final_r0_r3_mu10,R3,"R0 (theta=1, matched mu=1)",1.0,1.0,uniform_high,8,0,visibility_gini,0.1328125,0.1796875,-0.046875
cleanup_final_r3_mu10,cleanup_final_r0_r3_mu10,R3,"R0 (theta=1, matched mu=1)",1.0,1.0,uniform_high,8,0,majority_mismatch_rate,0.16666666666666666,0.041666666666666664,0.125
cleanup_final_r3_mu10,cleanup_final_r0_r3_mu10,R3,"R0 (theta=1, matched mu=1)",1.0,1.0,uniform_high,8,1,resource_fraction,0.4914576686435332,0.4858102270749572,0.005647441568575995
cleanup_final_r3_mu10,cleanup_final_r0_r3_mu10,R3,"R0 (theta=1, matched mu=1)",1.0,1.0,uniform_high,8,1,reserve_welfare,0.9980000000000001,0.9980000000000001,0.0
cleanup_final_r3_mu10,cleanup_final_r0_r3_mu10,R3,"R0 (theta=1, matched mu=1)",1.0,1.0,uniform_high,8,1,need_satisfaction,1.0,1.0,0.0
cleanup_final_r3_mu10,cleanup_final_r0_r3_mu10,R3,"R0 (theta=1, matched mu=1)",1.0,1.0,uniform_high,8,1,deprivation_rate,0.0,0.0,0.0
cleanup_final_r3_mu10,cleanup_final_r0_r3_mu10,R3,"R0 (theta=1, matched mu=1)",1.0,1.0,uniform_high,8,1,wealth_gini,0.3191489361702129,0.29243119266055073,0.026717743509662162
cleanup_final_r3_mu10,cleanup_final_r0_r3_mu10,R3,"R0 (theta=1, matched mu=1)",1.0,1.0,uniform_high,8,1,perception_error,0.14583333333333331,0.1398809523809524,0.0059523809523809035
cleanup_final_r3_mu10,cleanup_final_r0_r3_mu10,R3,"R0 (theta=1, matched mu=1)",1.0,1.0,uniform_high,8,1,visibility_gini,0.1484375,0.1484375,0.0
cleanup_final_r3_mu10,cleanup_final_r0_r3_mu10,R3,"R0 (theta=1, matched mu=1)",1.0,1.0,uniform_high,8,1,majority_mismatch_rate,0.06666666666666667,0.2222222222222222,-0.15555555555555556
