run_id,analysis_label,treatment,rewire_theta,rewire_mu,scenario,population,replicate,evaluation_mode,eval_mean_resource_fraction,final_resource_fraction,resource_regime
cleanup_final_b0,B0,B0,0.25,0.1,uniform_high,8,0,fresh_reset,0.4816606863674257,0.4674940914746951,middle
cleanup_final_b0,B0,B0,0.25,0.1,uniform_high,8,1,fresh_reset,0.47682019547767046,0.4603270757251893,middle
cleanup_final_s1,S1,S1,0.25,0.1,uniform_high,8,0,fresh_reset,0.4825846790885994,0.46882137988221817,middle
cleanup_final_s1,S1,S1,0.25,0.1,uniform_high,8,1,fresh_reset,0.4916978246103376,0.4865999277295648,middle
cleanup_final_s2,S2,S2,0.25,0.1,uniform_high,8,0,fresh_reset,0.4823168752964318,0.47177003268338563,middle
cleanup_final_s2,S2,S2,0.25,0.1,uniform_high,8,1,fresh_reset,0.49487310126411604,0.48949637526361633,middle
cleanup_final_r1_mu10,R1,R1,0.0,1.0,uniform_high,8,0,fresh_reset,0.48496136982787147,0.4716483315138781,middle
cleanup_final_r1_mu10,R1,R1,0.0,1.0,uniform_high,8,1,fresh_reset,0.48584300648228446,0.47637216706904395,middle
cleanup_final_r0_r1_mu10,"R0 (theta=0, matched mu=1)",R0,0.0,1.0,uniform_high,8,0,fresh_reset,0.48379182764718204,0.47176733851561303,middle
cleanup_final_r0_r1_mu10,"R0 (theta=0, matched mu=1)",R0,0.0,1.0,uniform_high,8,1,fresh_reset,0.4858102270749572,0.47630277673532323,middle
cleanup_final_r2_mu10,R2,R2,0.25,1.0,uniform_high,8,0,fresh_reset,0.48496136982787147,0.4716483315138781,middle
cleanup_final_r2_mu10,R2,R2,0.25,1.0,uniform_high,8,1,fresh_reset,0.48584300648228446,0.47637216706904395,middle
cleanup_final_r0_r2_mu10,"R0 (theta=0.25, matched mu=1)",R0,0.25,1.0,uniform_high,8,0,fresh_reset,0.48379182764718204,0.47176733851561303,middle
cleanup_final_r0_r2_mu10,"R0 (theta=0.25, matched mu=1)",R0,0.25,1.0,uniform_high,8,1,fresh_reset,0.4858102270749572,0.47630277673532323,middle
cleanup_final_r3_mu10,R3,R3,1.0,1.0,uniform_high,8,0,fresh_reset,0.48496136982787147,0.4716483315138781,middle
cleanup_final_r3_mu10,R3,R3,1.0,1.0,uniform_high,8,1,fresh_reset,0.4914576686435332,0.48365385388512316,middle
cleanup_final_r0_r3_mu10,"R0 (theta=1, matched mu=1)",R0,1.0,1.0,uniform_high,8,0,fresh_reset,0.48379182764718204,0.47176733851561303,middle
cleanup_final_r0_r3_mu10,"R0 (theta=1, matched mu=1)",R0,1.0,1.0,uniform_high,8,1,fresh_reset,0.4858102270749572,0.47630277673532323,middle
