scenario,scenario_label,scenario_group,population,replicate,cooperation_rate,collective_action_entropy,collective_order,switch_rate,wealth_gini,mean_welfare,mean_wealth,total_resource,mean_resource_fraction,unique_policy_count,policy_entropy,policy_hamming_mean,policy_cooperate_scarce,policy_cooperate_moderate,policy_cooperate_abundant,network_density,network_components,largest_component_fraction,network_clustering,network_policy_similarity,policy_assortativity
uniform_high,Uniform high,single,8,0,0.0,0.0,1.0,0.0,0.12038004146861984,78.2652739980743,88.26627399807194,44.945475986777,0.5992730131570265,4,0.603759374819711,0.3571428571428572,0.125,0.125,0.5,0.14285714285714285,4,0.375,0.0,0.6666666666666667,-0.7142857142857144
uniform_high,Uniform high,single,16,0,0.017875,0.09305855111157076,0.96425,0.03575,0.16735681302417552,69.46168285045005,79.46268285044842,37.834095563472204,0.5044546075129627,4,0.5987265639824991,0.30833333333333335,0.25,0.0,0.4375,0.075,10,0.25,0.25,0.7777777777777779,-0.35000000000000014
uniform_high,Uniform high,single,32,0,0.0066875,0.04293317740292094,0.986625,0.013375,0.32029096591261985,37.67826222083731,47.48766795668133,19.99538720949491,0.26660516279326546,4,0.44576335553900465,0.21370967741935484,0.03125,0.03125,0.5,0.05040322580645161,16,0.15625,0.421875,0.7466666666666667,-0.33795837462834505
patchy_high,Patchy high,single,8,0,0.0,0.0,1.0,0.0,0.1250678499936762,76.85395607063032,86.85495607062849,45.12876275199151,0.602270013637844,3,0.4685463540765222,0.2738095238095238,0.125,0.0,0.5,0.14285714285714285,4,0.375,0.0,0.75,-0.5999999999999998
patchy_high,Patchy high,single,16,0,0.026875,0.13766798601445118,0.94625,0.05375,0.16901051458359717,69.09730332393808,79.09830332393646,37.98867775665593,0.5103775259732374,4,0.588032551857972,0.30833333333333335,0.25,0.0,0.4375,0.075,10,0.25,0.25,0.7777777777777779,-0.35000000000000014
patchy_high,Patchy high,single,32,0,0.0073125,0.04694562388917523,0.985375,0.014625,0.31648921656642476,36.4466294296651,46.333908648144174,19.387814475377162,0.26492115569735264,4,0.44576335553900465,0.21370967741935484,0.03125,0.03125,0.5,0.05040322580645161,16,0.15625,0.421875,0.7466666666666667,-0.33795837462834505
centralized_low,Centralized low,single,8,0,0.0,0.0,1.0,0.0,0.2821445307954367,23.319132547884433,33.32013254788463,15.738656039913883,0.45162656048581734,4,0.603759374819711,0.33333333333333337,0.0,0.25,0.5,0.14285714285714285,4,0.375,0.0,0.5833333333333334,-0.7391304347826083
centralized_low,Centralized low,single,16,0,0.0625,0.33729006661701383,0.875,0.0,0.2868998018617254,13.570082244293825,23.247496477439142,10.1879169752079,0.29204743297729796,5,0.6008070946097882,0.325,0.0625,0.1875,0.4375,0.075,10,0.25,0.25,0.5925925925925927,-0.23809523809523814
centralized_low,Centralized low,single,32,0,0.28125,0.8571484374283714,0.4375,0.00015625,0.46230849942049146,1.3322370881725027,6.912558731497599,3.3763935370773797,0.09665882073959796,8,0.8368397054224261,0.41599462365591394,0.28125,0.1875,0.5,0.05040322580645161,16,0.15625,0.421875,0.64,-0.04863900044622942
decentralized_high,Decentralized high,single,8,0,0.0,0.0,1.0,0.0,0.10867289295548936,77.52973892730562,87.53073892730416,44.70894336799519,0.602699315994479,3,0.4685463540765222,0.2738095238095238,0.125,0.0,0.5,0.14285714285714285,4,0.375,0.0,0.75,-0.5999999999999998
decentralized_high,Decentralized high,single,16,0,0.039,0.19439549541800608,0.922,0.0779375,0.17343194491734815,69.5580294054036,79.5590294054017,38.94660548579531,0.5233086525411331,4,0.6276186878973496,0.3277777777777777,0.3125,0.0,0.4375,0.075,10,0.25,0.25,0.7777777777777779,-0.35000000000000014
decentralized_high,Decentralized high,single,32,0,0.00584375,0.03751637464647763,0.9883125,0.0116875,0.3224382294729164,36.5588273821723,46.38129611816378,19.699311519669827,0.2661523316296099,4,0.44576335553900465,0.21370967741935484,0.03125,0.03125,0.5,0.05040322580645161,16,0.15625,0.421875,0.7466666666666667,-0.33795837462834505
patchy_high_central_low,Patchy high + central low,mixed,8,0,0.036125,0.15433161646528276,0.92775,0.072375,0.06494345256148672,82.09398825325898,92.09498825325713,40.57652603149888,0.6923079366017578,3,0.5,0.3333333333333333,0.25,0.0,0.5,0.14285714285714285,4,0.375,0.0,0.6666666666666667,-4.163336342344338e-17
patchy_high_central_low,Patchy high + central low,mixed,16,0,0.0341875,0.17545758382713086,0.931625,0.0683125,0.13904257808620743,73.10365483998831,83.10465483998716,36.008142046794006,0.6042935459455601,3,0.501746938314716,0.2833333333333333,0.1875,0.0,0.4375,0.075,10,0.25,0.25,0.7407407407407408,-0.1688311688311692
patchy_high_central_low,Patchy high + central low,mixed,32,0,0.012375,0.07603175426119069,0.97525,0.02475,0.2997188290817011,43.569759098760144,53.57075909875952,22.774271241357823,0.3726669120545099,5,0.5929436831289188,0.28360215053763443,0.15625,0.03125,0.5,0.05040322580645161,16,0.15625,0.421875,0.7466666666666667,-0.33795837462834505
central_high_patchy_low,Central high + patchy low,mixed,8,0,0.0,0.0,1.0,0.0,0.32479302737494514,45.29137208810101,55.29237208809953,34.263040120585174,0.6722116803399505,5,0.7185463540765221,0.41666666666666663,0.125,0.25,0.5,0.14285714285714285,4,0.375,0.0,0.5833333333333334,-0.7391304347826083
central_high_patchy_low,Central high + patchy low,mixed,16,0,0.003875,0.020911984130254864,0.99225,0.00775,0.36603034509498694,45.67803035211715,55.67903035211475,30.851191306788035,0.5829372638834168,6,0.7662649802317995,0.39166666666666666,0.1875,0.1875,0.4375,0.075,10,0.25,0.25,0.6296296296296297,-0.31707317073170754
central_high_patchy_low,Central high + patchy low,mixed,32,0,0.10859375,0.4925467678541247,0.7828125,0.0296875,0.45710664564396875,38.629749085913275,47.859589087976694,24.052603319097305,0.41345631691115686,8,0.8278195311147832,0.418010752688172,0.25,0.21875,0.46875,0.05040322580645161,16,0.15625,0.421875,0.5733333333333334,-0.16666666666666666
split_high_low,High patchy + low fragmented split,mixed,8,0,0.153375,0.6043354488455112,0.69325,0.056875,0.3076602171315514,57.17424785691865,66.96571787378949,31.77445617144435,0.613350798470715,4,0.6352130207431889,0.369047619047619,0.375,0.0,0.5,0.14285714285714285,4,0.375,0.0,0.5,-0.5
split_high_low,High patchy + low fragmented split,mixed,16,0,0.0095625,0.05160538019240312,0.980875,0.019125,0.32384072588364465,52.27078603063043,62.08768742759463,26.25025493481641,0.49259078223464337,5,0.6454260414863776,0.325,0.1875,0.0625,0.4375,0.075,10,0.25,0.25,0.7777777777777779,-0.35000000000000014
split_high_low,High patchy + low fragmented split,mixed,32,0,0.222,0.7634320273781519,0.556,0.00671875,0.5264481738871952,33.11062950189548,40.6060930280192,19.797038669664097,0.3315113835694072,8,0.7883070946097881,0.4025537634408602,0.34375,0.125,0.5,0.05040322580645161,16,0.15625,0.421875,0.6533333333333334,0.07578558225508328
decentralized_high_in_low,Decentralized high islands + low background,mixed,8,0,0.013375,0.05816139542235682,0.97325,0.02675,0.11348023012148724,76.24922570904027,86.25022570903839,37.20485042965895,0.7110569873384173,3,0.5204260414863776,0.32142857142857145,0.25,0.0,0.375,0.14285714285714285,4,0.375,0.0,0.75,-0.5999999999999998
decentralized_high_in_low,Decentralized high islands + low background,mixed,16,0,0.028625,0.14598659322907467,0.94275,0.05725,0.19228635776664257,69.3579614040743,79.35896140407245,33.87286371946985,0.6422747262921901,4,0.6165339175715271,0.3194444444444444,0.3125,0.0,0.375,0.075,10,0.25,0.25,0.7777777777777779,-0.35000000000000014
decentralized_high_in_low,Decentralized high islands + low background,mixed,32,0,0.00728125,0.046105455744778354,0.9854375,0.0145625,0.3018742410307699,42.19521026435176,51.85811702652062,19.768282110853384,0.3683875585000461,4,0.48014241830276844,0.23051075268817203,0.0625,0.03125,0.4375,0.05040322580645161,16,0.15625,0.421875,0.7733333333333334,-0.20772946859903393
uniform_high,Uniform high,single,8,1,0.042375,0.16205811030928158,0.91525,0.0845,0.06975425932687063,84.90285086144337,94.90385086144018,46.48007771606106,0.6197343695474808,4,0.6352130207431889,0.36904761904761907,0.625,0.0,0.5,0.07142857142857142,6,0.25,0.0,0.6666666666666667,0.0
uniform_high,Uniform high,single,16,1,0.033,0.16713136235233184,0.934,0.066,0.1624319156340054,67.50861274250785,77.5096127425061,38.516319538583176,0.5135509271811091,5,0.6692853545640164,0.3416666666666667,0.25,0.0625,0.375,0.075,10,0.25,0.3958333333333333,0.7407407407407408,-0.6363636363636364
uniform_high,Uniform high,single,32,1,0.03125,0.20062232431271457,0.9375,6.25e-05,0.43517610684731795,32.12951315892114,41.856752380058516,22.602113745690342,0.3013615166092045,4,0.5023496092623193,0.2452956989247312,0.03125,0.09375,0.40625,0.06653225806451613,12,0.1875,0.546875,0.7272727272727274,-0.027427724240178003
patchy_high,Patchy high,single,8,1,0.03675,0.1508561641158057,0.9265,0.073625,0.0936346474139798,82.65440962469228,92.65540962468867,46.74796313205986,0.6228221853998687,4,0.6666666666666666,0.38095238095238093,0.5,0.0,0.5,0.07142857142857142,6,0.25,0.0,0.5,-0.8181818181818181
patchy_high,Patchy high,single,16,1,0.008875,0.04789518945961596,0.98225,0.01775,0.1906392718141758,68.14680817015955,78.14780817015694,38.045703879668324,0.5066917622652422,4,0.5591404279431216,0.2861111111111111,0.125,0.0625,0.375,0.075,10,0.25,0.3958333333333333,0.7407407407407408,-0.6363636363636364
patchy_high,Patchy high,single,32,1,0.03125,0.20062232431271457,0.9375,6.25e-05,0.43672411371989506,32.20329103782939,41.80976617498597,22.63862565646664,0.2991727138465464,4,0.5023496092623193,0.2452956989247312,0.03125,0.09375,0.40625,0.06653225806451613,12,0.1875,0.546875,0.7272727272727274,-0.027427724240178003
centralized_low,Centralized low,single,8,1,0.0,0.0,1.0,0.0,0.1614986944683019,23.634089080273466,33.63508908027348,14.433869469112052,0.4177651453655578,3,0.4685463540765222,0.2738095238095238,0.0,0.125,0.5,0.07142857142857142,6,0.25,0.0,0.6666666666666667,-1.0
centralized_low,Centralized low,single,16,1,0.0,0.0,1.0,0.0,0.3907726874514151,12.34308385482457,21.39759101737482,9.248534522024219,0.27656068102888137,3,0.501746938314716,0.275,0.0,0.1875,0.375,0.075,10,0.25,0.3958333333333333,0.6666666666666666,-0.1688311688311692
centralized_low,Centralized low,single,32,1,0.09375,0.4488644887230295,0.8125,0.000125,0.5435171152134287,2.6003387059279848,7.591365280569672,5.188363940253969,0.15969161063324938,6,0.7181390622295664,0.353494623655914,0.09375,0.25,0.40625,0.06653225806451613,12,0.1875,0.546875,0.6060606060606061,-0.05506216696269976
decentralized_high,Decentralized high,single,8,1,0.052625,0.21354428087753308,0.89475,0.10525,0.06608212270993703,85.09516544600365,95.09616544600041,45.946402131320355,0.6205188394547431,4,0.6352130207431889,0.36904761904761907,0.375,0.0,0.5,0.07142857142857142,6,0.25,0.0,0.5,-0.8181818181818181
decentralized_high,Decentralized high,single,16,1,0.0101875,0.05497828085857326,0.979625,0.0203125,0.16319385480098386,68.01767049549392,78.01867049549259,36.844054447133985,0.4983345181985474,3,0.4685463540765222,0.24444444444444446,0.125,0.0,0.375,0.075,10,0.25,0.3958333333333333,0.7777777777777779,-0.5
decentralized_high,Decentralized high,single,32,1,0.0,0.0,1.0,6.25e-05,0.4408716635322498,32.211925934537454,41.856307964011066,22.5686723840664,0.3074144214782933,3,0.4493687100208576,0.22446236559139784,0.0,0.09375,0.40625,0.06653225806451613,12,0.1875,0.546875,0.7474747474747475,-0.1515151515151515
patchy_high_central_low,Patchy high + central low,mixed,8,1,0.066125,0.26878773864066247,0.86775,0.13225,0.06292149040979603,83.88544284993345,93.88644284993079,42.031303838014466,0.6797933014918593,4,0.6352130207431889,0.36904761904761907,0.375,0.0,0.5,0.07142857142857142,6,0.25,0.0,0.5,-0.8181818181818181
patchy_high_central_low,Patchy high + central low,mixed,16,1,0.0,0.0,1.0,0.0,0.22634430472724323,66.44263962200306,76.44363962200096,38.16729745675677,0.589955383695383,5,0.6403932306491659,0.32222222222222213,0.125,0.125,0.375,0.075,10,0.25,0.3958333333333333,0.5555555555555556,-0.5
patchy_high_central_low,Patchy high + central low,mixed,32,1,0.0,0.0,1.0,0.0,0.37059630777207475,41.76383996919092,51.76483996918988,27.975096537681726,0.42015930911781263,4,0.5269928620349932,0.2620967741935484,0.03125,0.125,0.40625,0.06653225806451613,12,0.1875,0.546875,0.7171717171717172,-0.0999999999999999
central_high_patchy_low,Central high + patchy low,mixed,8,1,0.0,0.0,1.0,0.0,0.25500518200358097,63.00079487639615,73.00179487639383,33.8020940254103,0.6911450975446878,4,0.603759374819711,0.33333333333333337,0.25,0.0,0.5,0.07142857142857142,6,0.25,0.0,0.5,-0.8181818181818181
central_high_patchy_low,Central high + patchy low,mixed,16,1,0.0,0.0,1.0,0.0,0.26306699891155433,57.103571976514125,67.10457197651378,27.02026382276851,0.5565791544432859,3,0.4158520829727553,0.20833333333333334,0.0625,0.0,0.375,0.075,10,0.25,0.3958333333333333,0.7777777777777779,-0.5
central_high_patchy_low,Central high + patchy low,mixed,32,1,0.079,0.3946345239077054,0.842,0.03303125,0.4897748861840057,36.89294492006088,45.42736546278354,19.059032382018877,0.38921112048343987,5,0.686380254062286,0.3461021505376344,0.1875,0.125,0.40625,0.06653225806451613,12,0.1875,0.546875,0.6969696969696971,0.24786324786324812
split_high_low,High patchy + low fragmented split,mixed,8,1,0.012125,0.05272575099036085,0.97575,0.02425,0.292628417144552,59.789778510988654,69.79077851098577,32.13813869959299,0.6090647245849313,4,0.603759374819711,0.33333333333333337,0.25,0.0,0.5,0.07142857142857142,6,0.25,0.0,0.6666666666666667,-1.0
split_high_low,High patchy + low fragmented split,mixed,16,1,0.0,0.0,1.0,0.0,0.39365901877539483,45.886372809710075,55.46404524873237,27.57486269067823,0.4889658838715641,5,0.591465823449233,0.2861111111111111,0.125,0.0625,0.375,0.075,10,0.25,0.3958333333333333,0.6666666666666666,-0.11111111111111116
split_high_low,High patchy + low fragmented split,mixed,32,1,0.00109375,0.007021781350945012,0.9978125,0.0021875,0.5543618583617598,27.80226206565294,35.34802012894528,17.94320187842165,0.30107192400353133,5,0.6274051602574867,0.30443548387096775,0.03125,0.21875,0.40625,0.06653225806451613,12,0.1875,0.546875,0.6767676767676768,-0.18705035971223016
decentralized_high_in_low,Decentralized high islands + low background,mixed,8,1,0.041625,0.16804197377428282,0.91675,0.08325,0.05662655881603227,84.71154289913913,94.7125428991363,38.09209754844842,0.717576022150769,4,0.6352130207431889,0.36904761904761907,0.375,0.0,0.5,0.07142857142857142,6,0.25,0.0,0.6666666666666667,0.0
decentralized_high_in_low,Decentralized high islands + low background,mixed,16,1,0.0,0.0,1.0,0.0,0.17699589852246658,67.90432515770276,77.90532515770123,32.736293142808364,0.6083473603775531,3,0.4685463540765222,0.24444444444444444,0.125,0.0,0.375,0.075,10,0.25,0.3958333333333333,0.7037037037037037,-0.35000000000000003
decentralized_high_in_low,Decentralized high islands + low background,mixed,32,1,0.0,0.0,1.0,3.125e-05,0.4088277241980585,35.35524379473839,44.825625414077976,22.10430513541784,0.41362182787754537,4,0.5247613651793578,0.2567204301075269,0.0,0.15625,0.40625,0.06653225806451613,12,0.1875,0.546875,0.7070707070707072,-0.21307011572498297
uniform_high,Uniform high,single,8,2,0.01625,0.07066337761594753,0.9675,0.0325,0.010649536610184905,95.43479275000253,105.43579274999608,46.616510544056496,0.6215534739207533,4,0.603759374819711,0.38095238095238093,0.5,0.0,0.5,0.0,8,0.125,0.0,nan,nan
uniform_high,Uniform high,single,16,2,0.060625,0.28455846419625913,0.87875,0.12125,0.04930068049951736,87.82167614620025,97.82267614619605,37.08394465115835,0.4944525953487779,4,0.6454260414863776,0.3416666666666667,0.375,0.0,0.4375,0.03333333333333333,12,0.1875,0.0,0.9166666666666667,-0.14285714285714288
uniform_high,Uniform high,single,32,2,0.0,0.0,1.0,0.0,0.3015419155118296,36.39706789989764,46.39806789989806,16.83843536474267,0.22451247152990225,2,0.3323934662980881,0.17137096774193547,0.0,0.0,0.46875,0.04233870967741935,15,0.15625,0.2708333333333333,0.8571428571428571,0.06666666666666676
patchy_high,Patchy high,single,8,2,0.04375,0.18172291665606952,0.9125,0.0875,0.02547740748208102,93.33267850000243,103.3336784999964,46.59751789081236,0.624819215569781,4,0.6352130207431889,0.36904761904761907,0.625,0.0,0.5,0.0,8,0.125,0.0,nan,nan
patchy_high,Patchy high,single,16,2,0.0731875,0.33298234503707014,0.853625,0.1463125,0.049474669980773336,86.78224803205832,96.78324803205399,37.615092271483924,0.5055426009883208,4,0.6276186878973496,0.35277777777777775,0.5,0.0,0.4375,0.03333333333333333,12,0.1875,0.0,0.8333333333333335,-0.3333333333333333
patchy_high,Patchy high,single,32,2,0.0,0.0,1.0,0.0,0.29946859110421775,35.32139557840346,45.32239557840417,16.52668594758296,0.22315847889816992,2,0.3323934662980881,0.17137096774193547,0.0,0.0,0.46875,0.04233870967741935,15,0.15625,0.2708333333333333,0.8571428571428571,0.06666666666666676
centralized_low,Centralized low,single,8,2,0.0,0.0,1.0,0.0,0.16448021315063568,36.186697191951694,46.1876971919526,12.469143240246053,0.35893650988308307,2,0.3333333333333333,0.19047619047619044,0.0,0.0,0.5,0.0,8,0.125,0.0,nan,nan
centralized_low,Centralized low,single,16,2,0.0,0.0,1.0,0.0,0.1538933345061939,13.25287158428557,23.253871584285363,6.503932259722415,0.18988948357277155,2,0.32956646942949913,0.175,0.0,0.0,0.4375,0.03333333333333333,12,0.1875,0.0,0.9166666666666667,-0.14285714285714288
centralized_low,Centralized low,single,32,2,0.21875,0.7578784625383953,0.5625,0.00059375,0.4602268506623112,0.45272731439658326,4.5181575305271435,2.050138917183227,0.06522620263930555,4,0.582170789416873,0.2889784946236559,0.21875,0.0,0.46875,0.04233870967741935,15,0.15625,0.2708333333333333,0.7936507936507935,0.11324376199616121
decentralized_high,Decentralized high,single,8,2,0.0,0.0,1.0,0.0,0.0008519230275764218,96.61600000000256,106.6169999999959,46.150628625180936,0.6214505116051775,4,0.603759374819711,0.33333333333333337,0.25,0.0,0.5,0.0,8,0.125,0.0,nan,nan
decentralized_high,Decentralized high,single,16,2,0.0185,0.09839668712825736,0.963,0.037,0.04487230752249147,89.54636017846141,99.54736017845705,34.779960773877,0.4690757154469172,5,0.6582005842381937,0.35,0.25,0.0625,0.4375,0.03333333333333333,12,0.1875,0.0,0.8333333333333335,-0.3333333333333333
decentralized_high,Decentralized high,single,32,2,0.0,0.0,1.0,0.0,0.2980600469887385,34.465403364166136,44.4664033641666,16.04930308500779,0.22221694444982504,2,0.3323934662980881,0.17137096774193547,0.0,0.0,0.46875,0.04233870967741935,15,0.15625,0.2708333333333333,0.8571428571428571,0.06666666666666676
patchy_high_central_low,Patchy high + central low,mixed,8,2,0.0,0.0,1.0,0.0,0.0008387122135685663,96.61375000000254,106.6147499999959,41.33243897389354,0.6967688404555822,4,0.6352130207431889,0.36904761904761907,0.375,0.0,0.5,0.0,8,0.125,0.0,nan,nan
patchy_high_central_low,Patchy high + central low,mixed,16,2,0.0105625,0.056084911428034324,0.978875,0.021125,0.08599530794731473,86.39550041398249,96.39650041397707,36.30691789141695,0.5943087699949262,4,0.5880325518579721,0.30833333333333335,0.25,0.0,0.4375,0.03333333333333333,12,0.1875,0.0,0.8333333333333334,-0.3333333333333333
patchy_high_central_low,Patchy high + central low,mixed,32,2,0.0069375,0.044538155997422654,0.986125,0.013875,0.2935669393268438,43.498775837701224,53.46447692136655,19.80566469124975,0.30568881072025705,3,0.42493002220567133,0.21169354838709678,0.0625,0.0,0.46875,0.04233870967741935,15,0.15625,0.2708333333333333,0.8412698412698412,0.19230769230769237
central_high_patchy_low,Central high + patchy low,mixed,8,2,0.0,0.0,1.0,0.0,0.12457246520639667,73.49743063708569,83.49843063708539,32.79617945768357,0.6495309415581082,3,0.4685463540765222,0.2738095238095238,0.125,0.0,0.5,0.0,8,0.125,0.0,nan,nan
central_high_patchy_low,Central high + patchy low,mixed,16,2,0.0,0.0,1.0,0.0,0.18352521337519143,70.81903804830739,80.82003804830501,27.3576397024614,0.5141481687741305,4,0.5591404279431216,0.2833333333333333,0.1875,0.0,0.4375,0.03333333333333333,12,0.1875,0.0,0.8333333333333335,0.0
central_high_patchy_low,Central high + patchy low,mixed,32,2,0.03221875,0.20485902432414788,0.9355625,0.00203125,0.4193884886446208,40.1767378140163,49.211207431992456,15.77487556256304,0.2626519335656347,3,0.4158520829727553,0.20967741935483872,0.0625,0.0,0.4375,0.04233870967741935,15,0.15625,0.2708333333333333,0.8412698412698412,0.13698630136986303
split_high_low,High patchy + low fragmented split,mixed,8,2,0.0,0.0,1.0,0.0,0.25166957870631573,63.23523493881908,73.23623493881702,30.120250961216545,0.5444839451008572,3,0.4685463540765222,0.2738095238095238,0.125,0.0,0.5,0.0,8,0.125,0.0,nan,nan
split_high_low,High patchy + low fragmented split,mixed,16,2,0.01375,0.07420381465574306,0.9725,0.0275,0.29960191923301543,59.72253294279334,69.7235329427906,25.793617072484057,0.4414611830461862,4,0.5591404279431216,0.2833333333333333,0.1875,0.0,0.4375,0.03333333333333333,12,0.1875,0.0,0.8333333333333334,-0.3333333333333333
split_high_low,High patchy + low fragmented split,mixed,32,2,0.0955,0.4541676861737172,0.809,0.0036875,0.49668118120974974,33.66297710222338,41.425994159028235,14.263422318897671,0.2441589775964847,5,0.5941008315225847,0.2829301075268817,0.15625,0.03125,0.46875,0.04233870967741935,15,0.15625,0.2708333333333333,0.746031746031746,0.3488372093023258
decentralized_high_in_low,Decentralized high islands + low background,mixed,8,2,0.0125,0.05435644431995963,0.975,0.025,0.03396848792389187,92.36565571788303,102.3666557178777,38.93879128767281,0.7320392033430819,4,0.5162649802317995,0.3095238095238096,0.25,0.125,0.125,0.0,8,0.125,0.0,nan,nan
decentralized_high_in_low,Decentralized high islands + low background,mixed,16,2,0.0103125,0.055259813921703996,0.979375,0.020625,0.09446614920712161,83.7968164959967,93.79781649599298,34.40184415312651,0.6352019264978769,5,0.5422048239367273,0.2833333333333333,0.1875,0.0625,0.25,0.03333333333333333,12,0.1875,0.0,0.9166666666666667,-0.14285714285714288
decentralized_high_in_low,Decentralized high islands + low background,mixed,32,2,0.03125,0.20062232431271457,0.9375,6.25e-05,0.2891701529731833,38.602363214293554,48.53096477947673,15.609000514572015,0.278214539177394,3,0.3837045170646269,0.1868279569892473,0.03125,0.0,0.40625,0.04233870967741935,15,0.15625,0.2708333333333333,0.8253968253968254,0.06666666666666676
uniform_high,Uniform high,single,8,3,0.01825,0.07825700565938083,0.9635,0.0365,0.026616003984701292,93.22089067329955,103.22189067329394,46.18226477706389,0.615763530360852,3,0.5,0.3333333333333333,0.5,0.0,0.75,0.0,8,0.125,0.0,nan,nan
uniform_high,Uniform high,single,16,3,0.034375,0.17594539126684416,0.93125,0.06875,0.13326294728735313,76.71382325449183,86.714823254489,37.40832003076372,0.4987776004101829,4,0.5306390622295664,0.3194444444444444,0.375,0.0,0.6875,0.025,13,0.1875,0.0,1.0,nan
uniform_high,Uniform high,single,32,3,0.0,0.0,1.0,3.125e-05,0.28080731056962205,32.41290168502917,42.41390168502931,13.468199125268516,0.17957598833691354,3,0.42091057669697945,0.20631720430107525,0.0,0.0625,0.59375,0.04032258064516129,15,0.1875,0.171875,0.7666666666666667,-0.16129032258064532
patchy_high,Patchy high,single,8,3,0.0,0.0,1.0,0.0,0.03426531550736345,92.77318345873692,102.77418345873163,46.3104737972929,0.6163678447409289,3,0.43293164689846614,0.32142857142857134,0.375,0.0,0.75,0.0,8,0.125,0.0,nan,nan
patchy_high,Patchy high,single,16,3,0.018625,0.09671298484087162,0.96275,0.03725,0.1512876736845331,74.86978492118006,84.87078492117718,37.968227596159636,0.4990119829214021,5,0.6509398437049277,0.34722222222222215,0.3125,0.0625,0.6875,0.025,13,0.1875,0.0,0.888888888888889,-0.1999999999999988
patchy_high,Patchy high,single,32,3,0.0,0.0,1.0,3.125e-05,0.27530735636326004,33.761077120815216,43.76207712081528,14.02227334129192,0.18254371945809988,3,0.4493687100208576,0.22446236559139784,0.0,0.09375,0.59375,0.04032258064516129,15,0.1875,0.171875,0.75,-0.11929307805596469
centralized_low,Centralized low,single,8,3,0.0,0.0,1.0,0.0,0.1603504148900569,33.14494640706363,43.145946407064244,13.017531291926055,0.37448096448890594,2,0.2704260414863776,0.14285714285714285,0.0,0.0,0.75,0.0,8,0.125,0.0,nan,nan
centralized_low,Centralized low,single,16,3,0.125,0.5435644431995963,0.75,6.25e-05,0.3745602989496229,12.45186988819563,21.483834490160202,7.0848516559283015,0.2033417531878162,3,0.4554382190121329,0.23055555555555557,0.125,0.0,0.6875,0.025,13,0.1875,0.0,0.7777777777777778,-0.5
centralized_low,Centralized low,single,32,3,0.28125,0.8571484374283714,0.4375,0.00059375,0.5450691922232495,0.4328004098236587,3.545165941657758,1.643576267195654,0.05289843133176947,7,0.8017128912535689,0.40994623655913975,0.28125,0.1875,0.59375,0.04032258064516129,15,0.1875,0.171875,0.6166666666666667,0.04845814977973551
decentralized_high,Decentralized high,single,8,3,0.048125,0.19906583244006243,0.90375,0.09625,0.03064574694486433,92.72043775000242,102.72143774999653,46.42495987510857,0.6244123599975863,3,0.5,0.3333333333333333,0.5,0.0,0.75,0.0,8,0.125,0.0,nan,nan
decentralized_high,Decentralized high,single,16,3,0.005125,0.02765778546259514,0.98975,0.0101875,0.1171639469655043,79.83744951774617,89.83844951774287,35.611896199092016,0.480180527743003,4,0.5005381572700606,0.26111111111111107,0.1875,0.0,0.6875,0.025,13,0.1875,0.0,1.0,nan
decentralized_high,Decentralized high,single,32,3,0.0,0.0,1.0,3.125e-05,0.2704138511514787,31.098570697672162,41.09957069767246,12.360189193471422,0.17533392128926437,3,0.42091057669697945,0.20631720430107525,0.0,0.0625,0.59375,0.04032258064516129,15,0.1875,0.171875,0.7666666666666667,-0.16129032258064532
patchy_high_central_low,Patchy high + central low,mixed,8,3,0.006625,0.02880891548957861,0.98675,0.01325,0.013316124477335812,94.97483979039616,104.97583979039005,42.04553429333079,0.7001174419041831,3,0.5,0.3333333333333333,0.5,0.0,0.75,0.0,8,0.125,0.0,nan,nan
patchy_high_central_low,Patchy high + central low,mixed,16,3,0.017375,0.09193241885904783,0.96525,0.03475,0.10072312937370867,82.85932638101316,92.8603263810099,35.15719079728116,0.5739224444848742,4,0.5497991567825664,0.3416666666666667,0.4375,0.0,0.625,0.025,13,0.1875,0.0,1.0,nan
patchy_high_central_low,Patchy high + central low,mixed,32,3,0.0495625,0.2775292414404537,0.900875,0.03665625,0.257180829354063,52.207508768212854,62.14361496392086,22.954240090011073,0.3156354196389954,5,0.6658345334700907,0.3346774193548387,0.1875,0.09375,0.53125,0.04032258064516129,15,0.1875,0.171875,0.6333333333333334,-0.25461254612546136
central_high_patchy_low,Central high + patchy low,mixed,8,3,0.011,0.047833671001564486,0.978,0.021875,0.1746348375456248,72.31246124548657,82.31346124548448,32.802001387090655,0.6416225724590201,4,0.5162649802317995,0.2857142857142857,0.25,0.0,0.75,0.0,8,0.125,0.0,nan,nan
central_high_patchy_low,Central high + patchy low,mixed,16,3,0.0,0.0,1.0,0.0,0.2868897064398302,58.06807207768886,68.06907207768721,28.444486156111203,0.5203650840194506,4,0.5005381572700606,0.26111111111111107,0.1875,0.0,0.6875,0.025,13,0.1875,0.0,1.0,nan
central_high_patchy_low,Central high + patchy low,mixed,32,3,0.07165625,0.36971138081200516,0.8566875,0.018375,0.3757924152449716,44.12267405515429,53.63336771351845,15.90283443050985,0.25661728463043676,6,0.6181551381339787,0.3004032258064516,0.15625,0.0625,0.5625,0.04032258064516129,15,0.1875,0.171875,0.7166666666666666,-0.3102119460500961
split_high_low,High patchy + low fragmented split,mixed,8,3,0.0,0.0,1.0,0.0,0.24804568344242278,66.74533255182003,76.74633255181595,33.54471215072305,0.5710380362237272,3,0.43293164689846614,0.32142857142857145,0.25,0.0,0.625,0.0,8,0.125,0.0,nan,nan
split_high_low,High patchy + low fragmented split,mixed,16,3,0.0625,0.33729006661701383,0.875,0.0,0.435449664959423,47.675508598465576,56.41871953478402,30.355651942349994,0.4787128876522354,4,0.5005381572700606,0.2861111111111111,0.25,0.0,0.6875,0.025,13,0.1875,0.0,1.0,nan
split_high_low,High patchy + low fragmented split,mixed,32,3,0.0886875,0.4266771109010799,0.822625,0.05240625,0.47571861478666383,41.992652712133236,49.48230450865167,20.22555361073483,0.290588771470143,5,0.7051691403771025,0.35349462365591394,0.25,0.09375,0.59375,0.04032258064516129,15,0.1875,0.171875,0.5666666666666668,-0.38528138528138534
decentralized_high_in_low,Decentralized high islands + low background,mixed,8,3,0.022625,0.09838516421912695,0.95475,0.045375,0.05792997827302659,88.15178711687321,98.1527871168694,38.901090558192,0.7290385286130396,5,0.7185463540765221,0.4404761904761905,0.375,0.125,0.375,0.0,8,0.125,0.0,nan,nan
decentralized_high_in_low,Decentralized high islands + low background,mixed,16,3,0.0168125,0.09046899653990786,0.966375,0.0335625,0.10996062089054709,80.60540878687543,90.60640878687276,33.82312127484883,0.6338672031781891,4,0.6590723338208275,0.35277777777777775,0.4375,0.0,0.5,0.025,13,0.1875,0.0,0.888888888888889,-0.1999999999999988
decentralized_high_in_low,Decentralized high islands + low background,mixed,32,3,0.0526875,0.27968815704881295,0.894625,0.0350625,0.23664908797744807,53.726438555442165,63.72743855544181,18.808773424853744,0.3423837553491654,4,0.5654040867083819,0.2829301075268817,0.09375,0.09375,0.59375,0.04032258064516129,15,0.1875,0.171875,0.7333333333333334,-0.13744075829383848
uniform_high,Uniform high,single,8,4,0.01325,0.055135174121696676,0.9735,0.0265,0.006990873064532387,95.88771100000254,105.88871099999598,46.38743677217966,0.6184991569623954,4,0.603759374819711,0.380952380952381,0.5,0.0,0.5,0.03571428571428571,7,0.25,0.0,1.0,nan
uniform_high,Uniform high,single,16,4,0.0559375,0.2610727405471113,0.888125,0.111875,0.1479529416101615,75.84880473338578,85.84980473338202,36.841071827663896,0.4912142910355186,3,0.49240566715416084,0.33055555555555555,0.5,0.0,0.3125,0.041666666666666664,11,0.125,0.0,1.0,0.9999999999999999
uniform_high,Uniform high,single,32,4,0.125,0.5435644431995963,0.75,6.25e-05,0.39276335172736426,34.88692973067734,43.711762575440865,16.51285388457512,0.22017138512766826,5,0.5079172107457403,0.2439516129032258,0.125,0.03125,0.3125,0.05040322580645161,12,0.21875,0.2708333333333333,0.7733333333333334,0.053201082055906165
patchy_high,Patchy high,single,8,4,0.023,0.10001585754872573,0.954,0.046,0.01609635756387181,94.81366450000249,104.81466449999618,46.45214428548447,0.6215066895997489,4,0.6352130207431889,0.369047619047619,0.375,0.0,0.5,0.03571428571428571,7,0.25,0.0,1.0,nan
patchy_high,Patchy high,single,16,4,0.03625,0.1795646756757066,0.9275,0.072375,0.15941108073015733,75.20854234486198,85.20954234485872,36.28906477430441,0.48079904186783984,4,0.5565789059344942,0.2861111111111111,0.25,0.0,0.3125,0.041666666666666664,11,0.125,0.0,1.0,1.0
patchy_high,Patchy high,single,32,4,0.03125,0.20062232431271457,0.9375,6.25e-05,0.3897645468991666,36.11018970982278,44.9331450797241,17.45394141772087,0.22625184076138713,4,0.4086667615485961,0.18951612903225806,0.03125,0.03125,0.3125,0.05040322580645161,12,0.21875,0.2708333333333333,0.84,0.14215686274509803
centralized_low,Centralized low,single,8,4,0.0,0.0,1.0,0.0,0.1885418164583465,36.61539767827658,46.616397678277195,13.18992645456122,0.37593308203099945,2,0.3333333333333333,0.19047619047619044,0.0,0.0,0.5,0.03571428571428571,7,0.25,0.0,1.0,nan
centralized_low,Centralized low,single,16,4,0.1875,0.6962122601251456,0.625,0.0001875,0.35325255075970496,13.73290060695427,22.23558005801072,7.82320560837122,0.22866786076091303,5,0.6403932306491659,0.33888888888888885,0.1875,0.125,0.3125,0.041666666666666664,11,0.125,0.0,0.8000000000000002,-0.03448275862068891
centralized_low,Centralized low,single,32,4,0.34375,0.9283620723948672,0.3125,0.0005,0.4892111809786048,0.8262371007197703,5.837441764172007,2.5250327692453647,0.07605760036152238,7,0.812813596188501,0.4079301075268817,0.34375,0.1875,0.3125,0.05040322580645161,12,0.21875,0.2708333333333333,0.64,0.132075471698113
decentralized_high,Decentralized high,single,8,4,0.042,0.17712063767626315,0.916,0.084125,0.025269495706293256,93.44028700000243,103.4412869999964,46.04243996936757,0.6231467632475712,4,0.6666666666666666,0.38095238095238093,0.5,0.0,0.5,0.03571428571428571,7,0.25,0.0,0.6666666666666667,-0.9999999999999996
decentralized_high,Decentralized high,single,16,4,0.0558125,0.26451835875812957,0.888375,0.1116875,0.16202203096019924,74.11686599732228,84.11786599731906,36.94867555686284,0.49505615651176077,4,0.5935463540765221,0.3194444444444444,0.375,0.0,0.3125,0.041666666666666664,11,0.125,0.0,0.9333333333333333,0.876543209876543
decentralized_high,Decentralized high,single,32,4,0.09375,0.4488644887230295,0.8125,6.25e-05,0.3997078806216557,34.86427329204683,43.65749007104724,16.24349114710279,0.21836659262345176,5,0.46908451134658274,0.2271505376344086,0.09375,0.03125,0.3125,0.05040322580645161,12,0.21875,0.2708333333333333,0.7866666666666667,0.021352313167259614
patchy_high_central_low,Patchy high + central low,mixed,8,4,0.0,0.0,1.0,0.0,0.021074753837776967,94.29079913601815,104.29179913601234,42.476893728709136,0.7156655454304088,3,0.4685463540765222,0.2738095238095238,0.125,0.0,0.5,0.03571428571428571,7,0.25,0.0,1.0,nan
patchy_high_central_low,Patchy high + central low,mixed,16,4,0.0048125,0.025971335129510068,0.990375,0.009625,0.10702597404327788,79.53787113370606,89.53887113370394,35.01361073672578,0.5659769916141938,3,0.4554382190121329,0.23055555555555554,0.125,0.0,0.3125,0.041666666666666664,11,0.125,0.0,0.9333333333333333,0.6000000000000002
patchy_high_central_low,Patchy high + central low,mixed,32,4,0.03325,0.20936905982018975,0.9335,0.004,0.3840302059553567,42.29144940306028,51.228464263618065,20.661372563959173,0.32469841512278297,5,0.5079172107457403,0.228494623655914,0.0625,0.0625,0.3125,0.05040322580645161,12,0.21875,0.2708333333333333,0.8133333333333335,0.1504854368932039
central_high_patchy_low,Central high + patchy low,mixed,8,4,0.0,0.0,1.0,0.0,0.17399351657263606,68.12066626025387,78.12166626025268,33.11857461811189,0.6342549756339874,4,0.603759374819711,0.3333333333333333,0.25,0.0,0.5,0.03571428571428571,7,0.25,0.0,1.0,nan
central_high_patchy_low,Central high + patchy low,mixed,16,4,0.0676875,0.3544108398733682,0.864625,0.010375,0.26103019204919714,61.84049920188804,71.83189301856645,29.17919863407648,0.5375979352031148,6,0.7415339175715271,0.38333333333333336,0.3125,0.125,0.3125,0.041666666666666664,11,0.125,0.0,0.8,0.27536231884057943
central_high_patchy_low,Central high + patchy low,mixed,32,4,0.109875,0.49665951540068304,0.78025,0.03225,0.3864076746645368,48.515517062511194,57.94362403910415,21.740576336756842,0.38034794477171363,7,0.7253695002437471,0.35215053763440857,0.25,0.125,0.3125,0.05040322580645161,12,0.21875,0.2708333333333333,0.7466666666666667,0.49358541525995964
split_high_low,High patchy + low fragmented split,mixed,8,4,0.0,0.0,1.0,0.0,0.19334958902209132,73.07964692820234,83.08064692819866,32.80300644973707,0.591448216302325,3,0.4685463540765222,0.2738095238095238,0.125,0.0,0.5,0.03571428571428571,7,0.25,0.0,1.0,nan
split_high_low,High patchy + low fragmented split,mixed,16,4,0.01525,0.08059557228410379,0.9695,0.0305,0.2225691094741287,67.64242186567083,77.64342186566832,26.754597042578883,0.46544280614228234,4,0.5565789059344942,0.2861111111111111,0.25,0.0,0.3125,0.041666666666666664,11,0.125,0.0,0.9333333333333333,0.8360655737704916
split_high_low,High patchy + low fragmented split,mixed,32,4,0.104125,0.4798107978960455,0.79175,0.0208125,0.48946448393676883,29.32761528894693,38.098944194766446,12.584115270397362,0.2036933041504852,5,0.571911366919869,0.27352150537634407,0.1875,0.03125,0.3125,0.05040322580645161,12,0.21875,0.2708333333333333,0.8533333333333334,0.2972972972972972
decentralized_high_in_low,Decentralized high islands + low background,mixed,8,4,0.01925,0.08370892425273786,0.9615,0.0385,0.018586204697350377,94.30853646053848,104.30953646053248,38.03758328857142,0.7153776220785468,4,0.603759374819711,0.40476190476190477,0.25,0.125,0.375,0.03571428571428571,7,0.25,0.0,1.0,nan
decentralized_high_in_low,Decentralized high islands + low background,mixed,16,4,0.0070625,0.03811377752772256,0.985875,0.014125,0.1550615593004244,77.5138508541558,87.51485085415203,33.92788307794403,0.6210401483968915,5,0.6509398437049277,0.3194444444444445,0.1875,0.125,0.25,0.041666666666666664,11,0.125,0.0,0.8,0.2682926829268293
decentralized_high_in_low,Decentralized high islands + low background,mixed,32,4,0.05921875,0.31557489171278214,0.8815625,0.05596875,0.3240977596511387,50.457626565837415,60.10885063654107,21.878385497774143,0.3992614945512368,5,0.6416002921190969,0.3024193548387097,0.1875,0.09375,0.28125,0.05040322580645161,12,0.21875,0.2708333333333333,0.7333333333333334,0.2358078602620087
uniform_high,Uniform high,single,8,5,0.0045,0.019568319955185473,0.991,0.009,0.01565092407156764,94.31924531223966,104.32024531223388,45.396978203429065,0.6052930427123875,3,0.353759374819711,0.2261904761904762,0.125,0.0,0.75,0.03571428571428571,7,0.25,0.0,0.6666666666666667,-1.0
uniform_high,Uniform high,single,16,5,0.031375,0.1580162986916269,0.93725,0.0626875,0.06753847660464186,84.58566740499172,94.58666740498849,35.91860863849233,0.47891478184656444,4,0.5497991567825664,0.275,0.1875,0.0,0.625,0.041666666666666664,11,0.1875,0.0,0.6666666666666667,-1.0
uniform_high,Uniform high,single,32,5,0.0,0.0,1.0,0.0,0.36694395820200276,38.30601991873728,48.01171744639267,19.367182350766903,0.25822909801022537,4,0.5066580695856626,0.24663978494623656,0.0,0.125,0.53125,0.05846774193548387,11,0.21875,0.26979166666666665,0.7126436781609197,-0.007789095266626755
patchy_high,Patchy high,single,8,5,0.03125,0.13589111079989907,0.9375,0.0625,0.023840430160394475,93.66855140037119,103.66955140036531,45.84257461336744,0.6150880664156728,4,0.5162649802317995,0.28571428571428564,0.25,0.0,0.75,0.03571428571428571,7,0.25,0.0,0.33333333333333337,-1.0
patchy_high,Patchy high,single,16,5,0.04625,0.22651758359588148,0.9075,0.0925,0.06868434671595566,84.58189862549666,94.58289862549381,36.4312828886213,0.4870117064630804,4,0.5833333333333334,0.3,0.25,0.0,0.625,0.041666666666666664,11,0.1875,0.0,0.6,-0.6666666666666669
patchy_high,Patchy high,single,32,5,0.00725,0.0465443792405498,0.9855,0.0145,0.37317650760383775,39.078360832162815,48.784727851237214,20.407931896910405,0.26851363190564237,5,0.5607961172207904,0.2674731182795699,0.03125,0.125,0.53125,0.05846774193548387,11,0.21875,0.26979166666666665,0.7126436781609197,-0.007789095266626755
centralized_low,Centralized low,single,8,5,0.0,0.0,1.0,0.0,0.19576827411269324,32.92539518994045,42.92639518994083,13.086947162260097,0.38362689325623306,2,0.2704260414863776,0.14285714285714285,0.0,0.0,0.75,0.03571428571428571,7,0.25,0.0,0.6666666666666667,-1.0
centralized_low,Centralized low,single,16,5,0.125,0.5435644431995963,0.75,0.0,0.22674390619991425,12.837978087006883,22.741253066813055,6.726047802578058,0.201739742981382,5,0.6403932306491658,0.32222222222222224,0.125,0.125,0.625,0.041666666666666664,11,0.1875,0.0,0.5333333333333334,-0.7073170731707317
centralized_low,Centralized low,single,32,5,0.28125,0.8571484374283714,0.4375,0.00028125,0.5383866267178944,1.9273186721935318,6.842179706921898,3.1660920934714376,0.09574336515132657,8,0.8699957721071493,0.43951612903225806,0.28125,0.25,0.53125,0.05846774193548387,11,0.21875,0.26979166666666665,0.5172413793103448,0.04132231404958704
decentralized_high,Decentralized high,single,8,5,0.0,0.0,1.0,0.0,0.0250513935309461,93.61835498816278,103.61935498815714,45.40529954062882,0.6121678993580847,3,0.353759374819711,0.2261904761904762,0.125,0.0,0.75,0.03571428571428571,7,0.25,0.0,0.6666666666666667,-1.0
decentralized_high,Decentralized high,single,16,5,0.0220625,0.116050032645014,0.955875,0.0441875,0.07494762612122051,85.67094262992327,95.67194262991956,35.10820442111071,0.4772665950990669,4,0.49710488567879957,0.24444444444444444,0.125,0.0,0.625,0.041666666666666664,11,0.1875,0.0,0.6666666666666667,-1.0
decentralized_high,Decentralized high,single,32,5,0.0,0.0,1.0,0.0,0.3857242308878334,36.67941789198946,46.24831178049592,18.75630700215832,0.25784353773220914,4,0.5066580695856626,0.24663978494623656,0.0,0.125,0.53125,0.05846774193548387,11,0.21875,0.26979166666666665,0.7126436781609197,-0.007789095266626755
patchy_high_central_low,Patchy high + central low,mixed,8,5,0.03125,0.13589111079989907,0.9375,0.0625,0.0730698397339712,86.42290571304473,96.42390571304092,41.546245207961434,0.7042111276375588,4,0.5833333333333334,0.3571428571428572,0.125,0.125,0.5,0.03571428571428571,7,0.25,0.0,0.6666666666666667,-1.0
patchy_high_central_low,Patchy high + central low,mixed,16,5,0.0,0.0,1.0,0.0,0.13261040310896577,80.5532750185768,90.55427501857264,36.323475876112234,0.589925981840792,3,0.47285481439986543,0.25277777777777777,0.125,0.0,0.4375,0.041666666666666664,11,0.1875,0.0,0.6666666666666667,-0.19999999999999996
patchy_high_central_low,Patchy high + central low,mixed,32,5,0.032875,0.18716832990020846,0.93425,0.06578125,0.35260175437433866,47.493351011690066,56.98664600878613,27.503593986009204,0.43273951728195337,6,0.7826247766602273,0.39381720430107525,0.21875,0.1875,0.46875,0.05846774193548387,11,0.21875,0.26979166666666665,0.6666666666666667,-0.03253529772866791
central_high_patchy_low,Central high + patchy low,mixed,8,5,0.0,0.0,1.0,0.0,0.22445034989286358,67.10183658891299,77.10283658891083,33.92288999144526,0.6837929963212396,2,0.318144667641655,0.17857142857142855,0.0,0.0,0.625,0.03571428571428571,7,0.25,0.0,0.6666666666666667,-1.0
central_high_patchy_low,Central high + patchy low,mixed,16,5,0.0125,0.06745801332340279,0.975,0.025,0.20784370747934094,70.38048833777094,80.38148833776822,29.123183325243556,0.5644280387666429,4,0.5306390622295664,0.275,0.1875,0.0,0.625,0.041666666666666664,11,0.1875,0.0,0.4666666666666667,-0.6666666666666667
central_high_patchy_low,Central high + patchy low,mixed,32,5,0.1569375,0.6232275237950908,0.686125,0.06396875,0.4128599364080611,39.73021658763881,48.16635316009799,16.12530600943324,0.3014433983263061,6,0.7034164209726997,0.3407258064516129,0.25,0.0625,0.53125,0.05846774193548387,11,0.21875,0.26979166666666665,0.6436781609195404,-0.14132379248658325
split_high_low,High patchy + low fragmented split,mixed,8,5,0.00875,0.038049511023971756,0.9825,0.0175,0.1863101714939818,75.39372994793835,85.39472994793323,33.019993981133595,0.576417201671373,4,0.5833333333333334,0.32142857142857134,0.25,0.0,0.625,0.03571428571428571,7,0.25,0.0,0.6666666666666667,-1.0
split_high_low,High patchy + low fragmented split,mixed,16,5,0.08225,0.40247276961710987,0.8355,0.0395625,0.25647492333229127,63.98456485973402,73.97259464184758,25.889891886928925,0.4125603749862502,3,0.47324557260116085,0.2833333333333333,0.1875,0.0,0.5625,0.041666666666666664,11,0.1875,0.0,0.5333333333333334,-0.42857142857142816
split_high_low,High patchy + low fragmented split,mixed,32,5,0.1631875,0.6410132730116056,0.673625,0.01390625,0.47914496147827546,31.987852990515627,40.69548794700812,17.405922482805543,0.2594687244976532,5,0.701371973954183,0.3588709677419355,0.25,0.09375,0.53125,0.05846774193548387,11,0.21875,0.26979166666666665,0.6091954022988506,-0.03162055335968374
decentralized_high_in_low,Decentralized high islands + low background,mixed,8,5,0.0255,0.11088714641271766,0.949,0.051,0.07119139344270481,88.06314918533577,98.06414918533066,38.88263614808909,0.7376184316953538,4,0.5833333333333334,0.32142857142857134,0.25,0.0,0.625,0.03571428571428571,7,0.25,0.0,0.6666666666666667,-1.0
decentralized_high_in_low,Decentralized high islands + low background,mixed,16,5,0.03225,0.16303025499327067,0.9355,0.0645,0.08130802349556779,86.6508986359212,96.6518986359162,33.50613699010917,0.6325284619109907,4,0.5676065103715944,0.35277777777777775,0.25,0.0625,0.5,0.041666666666666664,11,0.1875,0.0,0.4666666666666667,-0.25000000000000083
decentralized_high_in_low,Decentralized high islands + low background,mixed,32,5,0.04365625,0.2532232588744347,0.9126875,0.024875,0.40814248335420666,40.8303833852154,49.91075183816733,20.714167097138773,0.3789740528513447,6,0.6525342008977424,0.3051075268817204,0.125,0.09375,0.46875,0.05846774193548387,11,0.21875,0.26979166666666665,0.6551724137931034,-0.28603104212860325
uniform_high,Uniform high,single,8,6,0.016625,0.07229407094554632,0.96675,0.03325,0.047833447447725795,89.47108053488546,99.47208053488116,45.804384020759905,0.6107251202767986,4,0.5833333333333334,0.32142857142857145,0.625,0.0,0.75,0.03571428571428571,7,0.25,0.0,1.0,nan
uniform_high,Uniform high,single,16,6,0.04525,0.22011646595815249,0.9095,0.0906875,0.19103670615179805,67.12023597727041,77.1212359772693,36.606516650553075,0.48808688867404093,4,0.6077308036810326,0.3333333333333333,0.375,0.0,0.625,0.03333333333333333,12,0.125,0.0,0.9166666666666667,0.7948717948717948
uniform_high,Uniform high,single,32,6,0.03571875,0.22016581146222938,0.9285625,0.00896875,0.43603501818474094,35.36984786344862,43.8294977358388,21.04544855649033,0.2806059807532045,4,0.4745983135651328,0.22849462365591397,0.0625,0.0625,0.6875,0.05846774193548387,11,0.4375,0.1875,0.8045977011494255,0.06350914962325098
patchy_high,Patchy high,single,8,6,0.010125,0.04402871989916731,0.97975,0.02025,0.04101496266857705,90.56437933258057,100.565379332576,45.48627849501746,0.611379220750307,4,0.5833333333333334,0.32142857142857145,0.625,0.0,0.75,0.03571428571428571,7,0.25,0.0,1.0,nan
patchy_high,Patchy high,single,16,6,0.0364375,0.18324054304705414,0.927125,0.0728125,0.17769906677474126,69.41215429294624,79.41315429294535,35.973358637668035,0.4870324773964896,5,0.6829316468984662,0.36111111111111105,0.3125,0.0625,0.625,0.03333333333333333,12,0.125,0.0,0.9166666666666667,0.7948717948717948
patchy_high,Patchy high,single,32,6,0.13125,0.5599040356043615,0.7375,0.01259375,0.43208612069766034,34.83443695215243,43.24330767286029,20.112943138594208,0.2796731555036257,5,0.58890602101533,0.27889784946236557,0.15625,0.0625,0.6875,0.05846774193548387,11,0.4375,0.1875,0.7701149425287358,0.21385542168674732
centralized_low,Centralized low,single,8,6,0.0,0.0,1.0,0.0,0.20592290860427442,32.42702589001507,42.42802589001619,13.069074564134155,0.3786427462129154,2,0.2704260414863776,0.14285714285714285,0.0,0.0,0.75,0.03571428571428571,7,0.25,0.0,1.0,nan
centralized_low,Centralized low,single,16,6,0.125,0.5435644431995963,0.75,6.25e-05,0.4528101314150307,10.735017775945515,18.178010169309513,8.032428595083239,0.24259800254457872,5,0.6403932306491659,0.3222222222222222,0.125,0.125,0.625,0.03333333333333333,12,0.125,0.0,0.75,-0.04347826086956521
centralized_low,Centralized low,single,32,6,0.375,0.9544340029249647,0.25,6.25e-05,0.5616844341149697,1.9478506110519542,6.7854348458342475,3.69574687873903,0.11558370570763131,6,0.7693857761727331,0.3998655913978495,0.375,0.15625,0.6875,0.05846774193548387,11,0.4375,0.1875,0.7011494252873566,0.15697674418604615
decentralized_high,Decentralized high,single,8,6,0.02775,0.1206713063903104,0.9445,0.0555,0.05393737663289764,88.39007696416459,98.39107696416043,46.05567384582678,0.6152173443579367,4,0.5833333333333334,0.32142857142857145,0.625,0.0,0.75,0.03571428571428571,7,0.25,0.0,1.0,nan
decentralized_high,Decentralized high,single,16,6,0.0409375,0.20026978010256125,0.918125,0.081875,0.21506471738455696,65.54642297105951,75.54742297105756,36.493600428956185,0.4870738389067358,4,0.6077308036810326,0.3333333333333333,0.375,0.0,0.625,0.03333333333333333,12,0.125,0.0,0.9166666666666667,0.7948717948717948
decentralized_high,Decentralized high,single,32,6,0.06875,0.3596049510382169,0.8625,0.012625,0.45064226535407004,34.640638196088545,42.940325795129,20.553121675849837,0.2784749442390573,5,0.5342643462976236,0.24663978494623653,0.09375,0.0625,0.6875,0.05846774193548387,11,0.4375,0.1875,0.7586206896551725,0.153648068669528
patchy_high_central_low,Patchy high + central low,mixed,8,6,0.053625,0.220224160321444,0.89275,0.10725,0.05082013422513717,86.71791657955644,96.71891657955251,40.666235874840176,0.6947907501739291,4,0.5833333333333334,0.32142857142857134,0.75,0.0,0.625,0.03571428571428571,7,0.25,0.0,1.0,nan
patchy_high_central_low,Patchy high + central low,mixed,16,6,0.005875,0.0317052662619993,0.98825,0.01175,0.22997036835113935,60.92621259991258,70.92721259991254,33.96972832657107,0.5420173190478401,5,0.6582005842381938,0.35277777777777775,0.25,0.0625,0.5,0.03333333333333333,12,0.125,0.0,0.75,0.38461538461538464
patchy_high_central_low,Patchy high + central low,mixed,32,6,0.10240625,0.47484933825643644,0.7951875,0.017375,0.41922233326187447,39.18050312553442,47.80490856170314,26.64772046908698,0.40326571178502424,6,0.62906624505795,0.293010752688172,0.1875,0.0625,0.6875,0.05846774193548387,11,0.4375,0.1875,0.7356321839080461,0.11029948867786699
central_high_patchy_low,Central high + patchy low,mixed,8,6,0.0,0.0,1.0,0.0,0.17389866570320192,71.98375257968314,81.98475257968003,33.55964192484657,0.6605167171227424,3,0.5204260414863776,0.3214285714285715,0.375,0.0,0.75,0.03571428571428571,7,0.25,0.0,1.0,nan
central_high_patchy_low,Central high + patchy low,mixed,16,6,0.1485,0.5938946152763891,0.703,0.0470625,0.24543233869801576,65.77059145286614,75.69596464896742,28.96576403669252,0.5593229934721817,4,0.626746938314716,0.3333333333333333,0.375,0.0,0.625,0.03333333333333333,12,0.125,0.0,0.8333333333333335,-0.33333333333333315
central_high_patchy_low,Central high + patchy low,mixed,32,6,0.22371875,0.7663690087837924,0.5525625,0.01009375,0.45870911273200055,40.731020402374284,48.98457962886186,15.282026230900687,0.2959409573510671,5,0.6814840897378659,0.35215053763440857,0.25,0.125,0.6875,0.05846774193548387,11,0.4375,0.1875,0.6551724137931035,-0.34883720930232515
split_high_low,High patchy + low fragmented split,mixed,8,6,0.042875,0.1739314970837178,0.91425,0.085875,0.059758634366320354,87.47937930046572,97.48037930046138,31.71003628959386,0.5942083226589795,4,0.5833333333333334,0.32142857142857145,0.75,0.0,0.625,0.03571428571428571,7,0.25,0.0,1.0,nan
split_high_low,High patchy + low fragmented split,mixed,16,6,0.0295,0.15920091144323056,0.941,0.059,0.13311540596185814,71.83498663375565,81.83598663375494,23.394645671838695,0.43988983948758015,5,0.6403932306491659,0.3277777777777777,0.1875,0.0625,0.5,0.03333333333333333,12,0.125,0.0,0.8333333333333335,-0.33333333333333337
split_high_low,High patchy + low fragmented split,mixed,32,6,0.15625,0.6252624052234232,0.6875,0.000125,0.45703052479459244,27.79643820117406,37.087675923359456,11.936851060433575,0.21838560616896524,5,0.5937849655668468,0.2809139784946237,0.1875,0.03125,0.65625,0.05846774193548387,11,0.4375,0.1875,0.7701149425287357,0.19667590027700874
decentralized_high_in_low,Decentralized high islands + low background,mixed,8,6,0.0,0.0,1.0,0.0,0.1291204945775113,79.60557975103187,89.60657975102852,38.9451640151108,0.7224292574886689,3,0.5204260414863776,0.32142857142857145,0.375,0.0,0.75,0.03571428571428571,7,0.25,0.0,1.0,nan
decentralized_high_in_low,Decentralized high islands + low background,mixed,16,6,0.02525,0.12893825146019464,0.9495,0.0505,0.22635672715102492,67.0887346742024,77.08973467420003,31.32053293868006,0.5701429937181822,4,0.588032551857972,0.30833333333333335,0.25,0.0,0.5625,0.03333333333333333,12,0.125,0.0,0.9166666666666667,0.7948717948717947
decentralized_high_in_low,Decentralized high islands + low background,mixed,32,6,0.16478125,0.6446317156115935,0.6704375,0.01721875,0.516379880398377,33.81025911533601,41.454110251706965,21.10850435017151,0.37832177135078243,4,0.5221678936025177,0.25268817204301075,0.1875,0.0,0.6875,0.05846774193548387,11,0.4375,0.1875,0.7816091954022989,0.07711138310893506
uniform_high,Uniform high,single,8,7,0.029875,0.12632584201948277,0.94025,0.059625,0.01667214809712626,94.38347125000247,104.38447124999622,46.44702531823998,0.6192936709098664,4,0.603759374819711,0.3333333333333333,0.5,0.0,0.75,0.0,8,0.125,0.0,nan,nan
uniform_high,Uniform high,single,16,7,0.0355,0.17941395981776587,0.929,0.0711875,0.19478384030165694,69.86935391087992,79.87035391087733,36.035460247535205,0.48047280330046954,4,0.6165339175715271,0.3277777777777778,0.3125,0.0,0.5625,0.03333333333333333,12,0.1875,0.0,0.8333333333333334,-0.33333333333333337
uniform_high,Uniform high,single,32,7,0.0,0.0,1.0,3.125e-05,0.31047208130790377,41.27916113411717,50.91503818699235,18.774696592194356,0.25032928789592473,4,0.5134471326045628,0.2466397849462366,0.0,0.125,0.53125,0.04838709677419355,15,0.15625,0.3958333333333333,0.7222222222222223,-0.05882352941176484
patchy_high,Patchy high,single,8,7,0.035625,0.1491230003111437,0.92875,0.071375,0.020745585078979226,93.82525525000246,103.82625524999632,46.38219620117011,0.621561160244745,4,0.603759374819711,0.3333333333333333,0.5,0.0,0.75,0.0,8,0.125,0.0,nan,nan
patchy_high,Patchy high,single,16,7,0.08625,0.41567432971839513,0.8275,0.0476875,0.20334966188626002,69.54289236871418,79.5438923687118,36.59893337278801,0.484608059642985,4,0.5880325518579721,0.30833333333333335,0.25,0.0,0.5625,0.03333333333333333,12,0.1875,0.0,0.6666666666666667,-0.5
patchy_high,Patchy high,single,32,7,0.03125,0.20062232431271457,0.9375,3.125e-05,0.3247975779506452,41.9748581964849,51.57420725265121,18.571917625383847,0.24946601023964132,5,0.5664280318460245,0.2674731182795699,0.03125,0.125,0.53125,0.04838709677419355,15,0.15625,0.3958333333333333,0.7083333333333334,-0.03160556257901451
centralized_low,Centralized low,single,8,7,0.0,0.0,1.0,0.0,0.19701550096634657,27.960248738650066,37.96124873865055,12.238225132996428,0.363945531284796,3,0.43293164689846614,0.22619047619047614,0.0,0.125,0.75,0.0,8,0.125,0.0,nan,nan
centralized_low,Centralized low,single,16,7,0.125,0.5435644431995963,0.75,0.0001875,0.4180691027783536,12.688267290319807,20.896140938594915,7.865179311012177,0.23119103720243223,6,0.6820598973158325,0.33055555555555555,0.125,0.125,0.5625,0.03333333333333333,12,0.1875,0.0,0.5833333333333335,-0.7391304347826088
centralized_low,Centralized low,single,32,7,0.1875,0.6962122601251456,0.625,0.0004375,0.5287648245781104,1.2220435116047679,5.664231004237952,2.4917794794008077,0.07515227056601065,6,0.7864219430831468,0.39381720430107525,0.1875,0.21875,0.53125,0.04838709677419355,15,0.15625,0.3958333333333333,0.6250000000000001,-0.38232373386295937
decentralized_high,Decentralized high,single,8,7,0.0085,0.0366865313756325,0.983,0.017,0.004084447904106397,96.05863450000254,106.05963449999597,45.91853218668479,0.6245136081456156,4,0.603759374819711,0.3333333333333333,0.5,0.0,0.75,0.0,8,0.125,0.0,nan,nan
decentralized_high,Decentralized high,single,16,7,0.0075625,0.040812098060658684,0.984875,0.015125,0.19107977511054133,70.79587087009011,80.79687087008752,33.74874414747948,0.46820036924797503,4,0.5102130207431889,0.2527777777777778,0.125,0.0,0.5625,0.03333333333333333,12,0.1875,0.0,0.8333333333333334,-0.33333333333333337
decentralized_high,Decentralized high,single,32,7,0.03125,0.20062232431271457,0.9375,3.125e-05,0.3232067075621452,39.53798292526902,49.198710719240594,17.184667175276378,0.24293421637685494,5,0.5540767155502735,0.2674731182795699,0.03125,0.125,0.53125,0.04838709677419355,15,0.15625,0.3958333333333333,0.7222222222222223,0.07692307692307652
patchy_high_central_low,Patchy high + central low,mixed,8,7,0.0,0.0,1.0,0.0,0.08970821695977671,84.21147700265796,94.21247700265492,40.67506902198959,0.6786595482032217,4,0.6352130207431889,0.36904761904761907,0.5,0.0,0.625,0.0,8,0.125,0.0,nan,nan
patchy_high_central_low,Patchy high + central low,mixed,16,7,0.0343125,0.173190090801734,0.931375,0.068625,0.19211635318697795,69.34831320820152,79.34931320819987,33.88360350149525,0.5683110208214746,4,0.6276186878973496,0.35277777777777775,0.4375,0.0,0.5,0.03333333333333333,12,0.1875,0.0,0.9166666666666667,-0.1428571428571427
patchy_high_central_low,Patchy high + central low,mixed,32,7,0.006875,0.04413691134879723,0.98625,0.01375,0.2991487091869925,47.883538322284515,57.884120790771725,25.76623641646275,0.4055587910209763,6,0.6858389151995367,0.32190860215053757,0.125,0.125,0.53125,0.04838709677419355,15,0.15625,0.3958333333333333,0.7222222222222223,-0.05882352941176484
central_high_patchy_low,Central high + patchy low,mixed,8,7,0.0,0.0,1.0,0.0,0.1227696846358267,80.13399438109133,90.13499438108826,33.692716327660385,0.6708074732136806,4,0.603759374819711,0.33333333333333337,0.25,0.0,0.5,0.0,8,0.125,0.0,nan,nan
central_high_patchy_low,Central high + patchy low,mixed,16,7,0.0684375,0.35688613239235917,0.863125,0.0119375,0.32797117565413547,54.86477560164042,64.30036139040162,29.99836677242589,0.5551725811015649,5,0.6403932306491659,0.325,0.1875,0.0625,0.4375,0.03333333333333333,12,0.1875,0.0,0.6666666666666667,-0.5
central_high_patchy_low,Central high + patchy low,mixed,32,7,0.03125,0.20062232431271457,0.9375,6.25e-05,0.4143385890662884,42.53994047712469,51.59269587943006,20.97244258017493,0.3712673401750519,6,0.7022596581459263,0.3346774193548387,0.09375,0.1875,0.53125,0.04838709677419355,15,0.15625,0.3958333333333333,0.6805555555555557,-0.2792584009269987
split_high_low,High patchy + low fragmented split,mixed,8,7,0.0,0.0,1.0,0.0,0.3770484734092867,46.07484689957324,56.07584689957023,31.75921443776134,0.5412279770859241,3,0.353759374819711,0.2261904761904762,0.125,0.0,0.75,0.0,8,0.125,0.0,nan,nan
split_high_low,High patchy + low fragmented split,mixed,16,7,0.1283125,0.5516547774966505,0.743375,0.006875,0.4834299552765848,42.212281923432855,50.42894727613805,28.995079737417377,0.47071381321991773,5,0.7028195311147832,0.38333333333333336,0.375,0.0625,0.5625,0.03333333333333333,12,0.1875,0.0,0.6666666666666667,-0.5
split_high_low,High patchy + low fragmented split,mixed,32,7,0.125,0.5435644431995963,0.75,0.00025,0.5354531024279926,31.6527734573169,39.06412029646605,18.89691976442196,0.28142490005812304,6,0.7276581629881047,0.3528225806451613,0.15625,0.15625,0.53125,0.04838709677419355,15,0.15625,0.3958333333333333,0.6944444444444445,-0.17857142857142894
decentralized_high_in_low,Decentralized high islands + low background,mixed,8,7,0.0,0.0,1.0,0.0,0.0025067925324460776,96.44950000000254,106.45049999999596,38.60603820724596,0.7455542686172029,4,0.6352130207431889,0.36904761904761907,0.5,0.0,0.625,0.0,8,0.125,0.0,nan,nan
decentralized_high_in_low,Decentralized high islands + low background,mixed,16,7,0.0188125,0.09877298056099812,0.962375,0.037625,0.162681436632461,75.76506453436382,85.76606453436025,30.705726744381753,0.6148227852878508,4,0.5591404279431216,0.35277777777777775,0.4375,0.0,0.5,0.03333333333333333,12,0.1875,0.0,0.8333333333333334,0.0
decentralized_high_in_low,Decentralized high islands + low background,mixed,32,7,0.03125,0.20062232431271457,0.9375,6.25e-05,0.29224524363463955,46.063040754923954,55.88267776137232,17.13518371089361,0.34651293491145896,5,0.5686595287016598,0.26814516129032256,0.03125,0.125,0.5,0.04838709677419355,15,0.15625,0.3958333333333333,0.7083333333333334,0.2675483214649032
uniform_high,Uniform high,single,8,8,0.027,0.1140997105878321,0.946,0.054125,0.05034680454134267,88.98750131884202,98.98850131883786,45.90317890146164,0.6120423853528218,4,0.6352130207431889,0.36904761904761907,0.625,0.0,0.5,0.03571428571428571,7,0.25,0.0,0.6666666666666667,-1.0
uniform_high,Uniform high,single,16,8,0.0125625,0.06669355131008732,0.974875,0.025125,0.10742983387152048,81.3798023324766,91.38080233247375,36.013770243029654,0.48018360324039544,4,0.5935463540765221,0.3194444444444444,0.3125,0.0,0.375,0.03333333333333333,12,0.1875,0.0,0.9166666666666667,0.4666666666666667
uniform_high,Uniform high,single,32,8,0.125,0.5435644431995963,0.75,3.125e-05,0.4206237233226227,38.01640031972693,46.30272101622918,17.821306292903238,0.23761741723870985,6,0.5872613651793578,0.28494623655913975,0.125,0.0625,0.4375,0.05040322580645161,13,0.21875,0.140625,0.7333333333333334,0.03381642512077296
patchy_high,Patchy high,single,8,8,0.00375,0.016306933295987893,0.9925,0.0075,0.0499221875091394,90.16659356006915,100.1675935600648,45.78069075069771,0.6125678557175988,4,0.6352130207431889,0.36904761904761907,0.375,0.0,0.5,0.03571428571428571,7,0.25,0.0,0.6666666666666667,-1.0
patchy_high,Patchy high,single,16,8,0.021875,0.11385902123485306,0.95625,0.04375,0.10913913711402849,79.68849731605106,89.68949731604877,36.424463567115325,0.4873531168575073,4,0.5935463540765221,0.3194444444444444,0.3125,0.0,0.375,0.03333333333333333,12,0.1875,0.0,0.9166666666666667,0.4666666666666667
patchy_high,Patchy high,single,32,8,0.1984375,0.7177954309697829,0.603125,0.021875,0.40810131770561564,39.12999573466496,47.40319321969198,19.437677366502353,0.2545548105766686,6,0.6650055818662034,0.3272849462365591,0.21875,0.0625,0.4375,0.05040322580645161,13,0.21875,0.140625,0.6266666666666667,-0.23318385650224216
centralized_low,Centralized low,single,8,8,0.0,0.0,1.0,0.0,0.23628426213097725,35.937737905414814,45.93873790541633,13.59330257616281,0.3883043282427408,3,0.4685463540765222,0.27380952380952384,0.0,0.125,0.5,0.03571428571428571,7,0.25,0.0,0.33333333333333337,-1.0
centralized_low,Centralized low,single,16,8,0.0,0.0,1.0,0.0,0.2263944464134745,14.654493719612336,24.19354180552723,7.441194529422573,0.21830734960893572,4,0.49710488567879957,0.24444444444444446,0.0,0.125,0.375,0.03333333333333333,12,0.1875,0.0,0.8333333333333334,0.0
centralized_low,Centralized low,single,32,8,0.40625,0.9744894033980526,0.1875,0.00028125,0.4593661113051533,1.012207708614629,6.699482488334217,2.864650260745353,0.0820094853496491,7,0.7861528644481165,0.39381720430107525,0.40625,0.09375,0.4375,0.05040322580645161,13,0.21875,0.140625,0.5866666666666667,-0.01369863013698638
decentralized_high,Decentralized high,single,8,8,0.009,0.039136639910370946,0.982,0.018,0.039998260869783274,91.13100083148532,101.13200083148071,45.27637755846526,0.6095053194727243,4,0.6352130207431889,0.36904761904761907,0.375,0.0,0.5,0.03571428571428571,7,0.25,0.0,0.6666666666666667,-1.0
decentralized_high,Decentralized high,single,16,8,0.044375,0.21944210645709966,0.91125,0.0888125,0.11032448692509024,80.9551658916608,90.95616589165749,37.20806772167276,0.4981622020834472,4,0.5833333333333334,0.3333333333333333,0.375,0.0,0.375,0.03333333333333333,12,0.1875,0.0,0.9166666666666667,0.7419354838709677
decentralized_high,Decentralized high,single,32,8,0.15625,0.6252624052234232,0.6875,6.25e-05,0.4106035425662805,39.35221302283637,47.676039447837745,18.0112730811508,0.23715200113516824,5,0.5619401270311429,0.28091397849462363,0.15625,0.03125,0.4375,0.05040322580645161,13,0.21875,0.140625,0.6666666666666667,-0.06642291285801336
patchy_high_central_low,Patchy high + central low,mixed,8,8,0.0315,0.1328404782571974,0.937,0.063,0.03822909277677498,91.25838309026253,101.25938309025736,42.0430038060666,0.7081023591178494,4,0.6666666666666666,0.38095238095238093,0.5,0.0,0.5,0.03571428571428571,7,0.25,0.0,0.6666666666666667,-0.9999999999999996
patchy_high_central_low,Patchy high + central low,mixed,16,8,0.0263125,0.13392367040506883,0.947375,0.052625,0.12061372605554423,80.0560270379593,90.0570270379561,36.19425454154143,0.5831245778142817,4,0.6165339175715271,0.3194444444444444,0.3125,0.0,0.375,0.03333333333333333,12,0.1875,0.0,0.8333333333333335,0.4285714285714286
patchy_high_central_low,Patchy high + central low,mixed,32,8,0.08046875,0.39951502840919373,0.8390625,0.0359375,0.3712754150376998,45.66567406113756,54.56033615734786,22.79009096303765,0.36886830503641804,4,0.5607616485055731,0.27419354838709675,0.1875,0.0,0.4375,0.05040322580645161,13,0.21875,0.140625,0.7733333333333334,0.15555555555555575
central_high_patchy_low,Central high + patchy low,mixed,8,8,0.0,0.0,1.0,0.0,0.2504456437347171,58.63486561474433,68.63586561474266,33.65640865116862,0.6497909243100376,4,0.6352130207431889,0.4047619047619047,0.25,0.125,0.375,0.03571428571428571,7,0.25,0.0,0.33333333333333337,-1.0
central_high_patchy_low,Central high + patchy low,mixed,16,8,0.007125,0.038451067594339576,0.98575,0.01425,0.2966383247287566,59.50075639562328,69.17870018603713,29.80982746062299,0.5662797268070207,5,0.6352130207431889,0.3277777777777777,0.25,0.0625,0.3125,0.03333333333333333,12,0.1875,0.0,0.75,-0.2903225806451613
central_high_patchy_low,Central high + patchy low,mixed,32,8,0.128875,0.5536949904905507,0.74225,0.0078125,0.4940635673527048,39.449648666014824,47.386645085225815,23.292270207281458,0.39818249613049755,6,0.6599743859225465,0.3272849462365591,0.21875,0.0625,0.4375,0.05040322580645161,13,0.21875,0.140625,0.6133333333333334,-0.28767123287671253
split_high_low,High patchy + low fragmented split,mixed,8,8,0.0,0.0,1.0,0.0,0.2604194880529028,64.7959398004794,74.79693980047685,34.642543961132425,0.5844861153409379,4,0.5833333333333334,0.4166666666666666,0.25,0.125,0.5,0.03571428571428571,7,0.25,0.0,0.33333333333333337,-1.0
split_high_low,High patchy + low fragmented split,mixed,16,8,0.0859375,0.4131950407247423,0.828125,0.046875,0.3058676692950615,59.331495026810735,69.29389052804584,30.050138714521943,0.4791800240221713,5,0.5982455726011608,0.3416666666666667,0.25,0.0625,0.375,0.03333333333333333,12,0.1875,0.0,0.75,0.14893617021276592
split_high_low,High patchy + low fragmented split,mixed,32,8,0.1986875,0.7179430402714854,0.602625,0.0226875,0.5161753488716777,40.093758660794826,47.072820630608206,22.005703004873403,0.30315689665393164,5,0.7028195311147832,0.35752688172043007,0.3125,0.0625,0.4375,0.05040322580645161,13,0.21875,0.140625,0.6266666666666666,-2.1767443616824365e-16
decentralized_high_in_low,Decentralized high islands + low background,mixed,8,8,0.0395,0.16652519957421133,0.921,0.079125,0.028056810330285717,92.76254465075431,102.76354465074863,38.722011232315396,0.7258186075731162,4,0.6352130207431889,0.35714285714285715,0.625,0.0,0.375,0.03571428571428571,7,0.25,0.0,0.6666666666666667,-0.9999999999999996
decentralized_high_in_low,Decentralized high islands + low background,mixed,16,8,0.049875,0.23758811575576141,0.90025,0.0998125,0.10707108449354842,81.02711588833094,91.02811588832743,34.38834073735167,0.6325123494899713,4,0.6165339175715271,0.3277777777777777,0.4375,0.0,0.3125,0.03333333333333333,12,0.1875,0.0,0.75,-0.04347826086956521
decentralized_high_in_low,Decentralized high islands + low background,mixed,32,8,0.0659375,0.3495632530486756,0.868125,0.00690625,0.3724071759436994,47.764148458920616,56.62841037642089,21.82557361539967,0.37401340244309483,6,0.5518796874098555,0.2681451612903225,0.09375,0.0625,0.4375,0.05040322580645161,13,0.21875,0.140625,0.7200000000000002,-0.0877192982456139
uniform_high,Uniform high,single,8,9,0.03125,0.13589111079989907,0.9375,0.0625,0.05698738716856162,87.89559994629818,97.89659994629443,44.67050943326862,0.5956067924435815,3,0.5204260414863776,0.32142857142857134,0.25,0.0,0.625,0.03571428571428571,7,0.25,0.0,1.0,nan
uniform_high,Uniform high,single,16,9,0.003125,0.01686450333085069,0.99375,0.00625,0.18789396538671344,70.39983059343328,79.95235323285088,35.97238762013118,0.4796318349350823,4,0.5591404279431216,0.2833333333333333,0.1875,0.0,0.5625,0.05,10,0.25,0.0,0.8333333333333335,-0.33333333333333337
uniform_high,Uniform high,single,32,9,0.03125,0.20062232431271457,0.9375,3.125e-05,0.3134254827454902,42.30918105015047,51.90989513916843,19.258741448869202,0.256783219318256,3,0.3778107003741458,0.18682795698924728,0.03125,0.0,0.59375,0.05040322580645161,12,0.25,0.21875,0.84,0.0
patchy_high,Patchy high,single,8,9,0.05225,0.21838271287534938,0.8955,0.104625,0.06418200119279853,87.72155976390746,97.72255976390338,44.995217611781904,0.6011471564510158,3,0.5204260414863776,0.35714285714285715,0.375,0.0,0.625,0.03571428571428571,7,0.25,0.0,1.0,nan
patchy_high,Patchy high,single,16,9,0.075,0.37854494193353033,0.85,0.025,0.1900653643960489,69.74754978163212,79.44350608161689,36.019267034854145,0.4788304076079987,4,0.588032551857972,0.30833333333333335,0.25,0.0,0.5625,0.05,10,0.25,0.0,0.7222222222222223,-0.4237288135593223
patchy_high,Patchy high,single,32,9,0.04834375,0.2736230469392865,0.9033125,0.03421875,0.3201509488159143,43.27585500583555,52.926231809230735,21.178996558851203,0.27243852258086076,3,0.4493687100208576,0.22446236559139784,0.09375,0.0,0.59375,0.05040322580645161,12,0.25,0.21875,0.8,0.01277584204413476
centralized_low,Centralized low,single,8,9,0.0,0.0,1.0,0.0,0.185499876753457,25.7167358487155,35.71773584871572,15.183281042075969,0.426370810154091,2,0.318144667641655,0.17857142857142855,0.0,0.0,0.625,0.03571428571428571,7,0.25,0.0,1.0,nan
centralized_low,Centralized low,single,16,9,0.1875,0.6962122601251456,0.625,0.0,0.381964155098068,14.848108640097816,23.893405406851272,9.293908407857932,0.259135719409368,4,0.5591404279431216,0.2833333333333333,0.1875,0.0,0.5625,0.05,10,0.25,0.0,0.6666666666666666,-0.09090909090909227
centralized_low,Centralized low,single,32,9,0.34375,0.9283620723948672,0.3125,0.0004375,0.41169570055580507,0.6729733069900289,5.991915965057013,2.002754617350168,0.055433996197033625,6,0.7322371639644426,0.3615591397849462,0.34375,0.0625,0.59375,0.05040322580645161,12,0.25,0.21875,0.5866666666666667,-0.19999999999999968
decentralized_high,Decentralized high,single,8,9,0.0835,0.3251673186913654,0.833,0.167,0.07131289757352241,82.78472501291026,92.78572501290755,45.9140205012307,0.6141262343091464,4,0.6352130207431889,0.36904761904761907,0.5,0.0,0.625,0.03571428571428571,7,0.25,0.0,1.0,nan
decentralized_high,Decentralized high,single,16,9,0.02,0.10478844475661808,0.96,0.0400625,0.1928176314419845,68.44564258140207,77.86953595111112,36.66792507538236,0.4889032268351524,4,0.5987265639824991,0.30833333333333335,0.25,0.0,0.5625,0.05,10,0.25,0.0,0.8333333333333335,-0.33333333333333337
decentralized_high,Decentralized high,single,32,9,0.04109375,0.24367266313856892,0.9178125,0.01975,0.32681598066066836,41.25382436115935,50.85704933188575,19.654572320952333,0.26440844625393495,3,0.42091057669697945,0.20631720430107528,0.0625,0.0,0.59375,0.05040322580645161,12,0.25,0.21875,0.8,0.01277584204413476
patchy_high_central_low,Patchy high + central low,mixed,8,9,0.023,0.09836075297708538,0.954,0.046,0.01409007749374636,94.9511935000025,104.95219349999613,41.175981648597386,0.7125847099657988,4,0.6352130207431889,0.35714285714285715,0.625,0.0,0.625,0.03571428571428571,7,0.25,0.0,1.0,nan
patchy_high_central_low,Patchy high + central low,mixed,16,9,0.029375,0.14843202175912903,0.94125,0.058875,0.11654654055006922,79.30484078339921,89.30584078339623,34.40369003166503,0.5930786849152409,4,0.5987265639824991,0.35,0.4375,0.0,0.5625,0.05,10,0.25,0.0,0.8333333333333335,-0.33333333333333337
patchy_high_central_low,Patchy high + central low,mixed,32,9,0.04003125,0.23849900017605877,0.9199375,0.0175625,0.2824331843024888,49.02195602535395,59.02295602535328,20.89105652004337,0.3435228321642568,5,0.5540767155502735,0.2620967741935484,0.125,0.03125,0.59375,0.05040322580645161,12,0.25,0.21875,0.76,0.11504424778761038
central_high_patchy_low,Central high + patchy low,mixed,8,9,0.0,0.0,1.0,0.0,0.27925643733355676,47.69141444445423,57.69241444445307,33.319106501825054,0.6409358960857516,3,0.4685463540765222,0.26190476190476186,0.125,0.0,0.625,0.03571428571428571,7,0.25,0.0,1.0,nan
central_high_patchy_low,Central high + patchy low,mixed,16,9,0.1336875,0.5647824897522477,0.732625,0.0174375,0.3737805414525223,47.82742707037469,57.21563169576815,29.170430739781587,0.5429864126365711,4,0.5987265639824991,0.30833333333333335,0.25,0.0,0.5625,0.05,10,0.25,0.0,0.7222222222222223,-0.4237288135593223
central_high_patchy_low,Central high + patchy low,mixed,32,9,0.0625,0.33729006661701383,0.875,9.375e-05,0.4332191084630753,37.51061088287398,46.034593001338,19.942739403687217,0.323278717695231,6,0.5759776119778188,0.2647849462365592,0.09375,0.0625,0.59375,0.05040322580645161,12,0.25,0.21875,0.7066666666666667,-0.2
split_high_low,High patchy + low fragmented split,mixed,8,9,0.0,0.0,1.0,0.0,0.259478027730416,66.32262928781935,76.32362928781502,32.61459617856771,0.6186080152591799,4,0.5833333333333334,0.32142857142857145,0.25,0.0,0.625,0.03571428571428571,7,0.25,0.0,1.0,nan
split_high_low,High patchy + low fragmented split,mixed,16,9,0.136125,0.5705854268019779,0.72775,0.0223125,0.2990693194200377,63.56772983369732,72.70099058033742,28.160225717907913,0.5252852172171574,4,0.6590723338208275,0.35,0.4375,0.0,0.5625,0.05,10,0.25,0.0,0.6111111111111112,-0.42372881355932196
split_high_low,High patchy + low fragmented split,mixed,32,9,0.0625,0.33729006661701383,0.875,3.125e-05,0.3773217625099585,34.744644069250334,43.32209593545605,11.555889556019709,0.20884163701528213,5,0.4947248092717746,0.2271505376344086,0.0625,0.03125,0.59375,0.05040322580645161,12,0.25,0.21875,0.7866666666666667,0.046610169491525244
decentralized_high_in_low,Decentralized high islands + low background,mixed,8,9,0.0,0.0,1.0,0.0,0.11167504143683524,82.7259286738578,92.72692867385364,38.047169371902655,0.7189653282024785,3,0.4685463540765222,0.2738095238095238,0.125,0.0,0.5,0.03571428571428571,7,0.25,0.0,1.0,nan
decentralized_high_in_low,Decentralized high islands + low background,mixed,16,9,0.0356875,0.18184934145549153,0.928625,0.071375,0.1840405358998019,70.7660509266117,80.76705092660916,32.323467022894455,0.6071139912942608,4,0.6016788441924219,0.3277777777777777,0.3125,0.0,0.4375,0.05,10,0.25,0.0,0.7777777777777778,-0.09090909090909188
decentralized_high_in_low,Decentralized high islands + low background,mixed,32,9,0.06875,0.3596049510382169,0.8625,0.01259375,0.3519274977520008,40.16648793197883,49.91699605400504,20.72910625153232,0.38098578954392487,4,0.5247613651793578,0.2567204301075269,0.15625,0.0,0.59375,0.05040322580645161,12,0.25,0.21875,0.8,0.17073170731707327
