run_id,analysis_label,scenario,population,metric,n,n_total,mean,bootstrap_ci_low,bootstrap_ci_high
ecology_perception_parallel_v1_b0,B0,uniform_high,64,low_extraction_rate,100,100,0.27313281250000004,0.25873359375000005,0.28862578124999994
ecology_perception_parallel_v1_b0,B0,patchy_high,64,low_extraction_rate,100,100,0.2761171875,0.25953105468750004,0.2926658203125
ecology_perception_parallel_v1_b0,B0,split_high_low,64,low_extraction_rate,100,100,0.27338281249999996,0.258584765625,0.28896386718749995
ecology_perception_parallel_v1_s1,S1,uniform_high,64,social_perception_error,100,100,0.1762962239583333,0.1731329713851687,0.17938535853794643
ecology_perception_parallel_v1_s1,S1,uniform_high,64,majority_mismatch_rate,100,100,0.1269964147173156,0.11005001443681146,0.1436322952532482
ecology_perception_parallel_v1_s1,S1,uniform_high,64,majority_tie_rate,100,100,0.25148437500000004,0.237576953125,0.2652265625
ecology_perception_parallel_v1_s1,S1,uniform_high,64,visibility_gini,100,100,0.26383544921875,0.25874627685546875,0.269122802734375
ecology_perception_parallel_v1_s1,S1,uniform_high,64,low_extraction_rate,100,100,0.29191406249999996,0.2781390625,0.30587519531249996
ecology_perception_parallel_v1_s1,S1,patchy_high,64,social_perception_error,100,100,0.17669345238095235,0.17362018074156743,0.17975456116691466
ecology_perception_parallel_v1_s1,S1,patchy_high,64,majority_mismatch_rate,100,100,0.12800285028412936,0.11145969371933914,0.14529035179379152
ecology_perception_parallel_v1_s1,S1,patchy_high,64,majority_tie_rate,100,100,0.2564218750000001,0.24228085937499996,0.2701109375
ecology_perception_parallel_v1_s1,S1,patchy_high,64,visibility_gini,100,100,0.26383544921875,0.2585750732421875,0.2692054443359375
ecology_perception_parallel_v1_s1,S1,patchy_high,64,low_extraction_rate,100,100,0.293046875,0.2789841796875,0.3073048828125
ecology_perception_parallel_v1_s1,S1,split_high_low,64,social_perception_error,100,100,0.1769812437996032,0.17452983088417653,0.17937233692956348
ecology_perception_parallel_v1_s1,S1,split_high_low,64,majority_mismatch_rate,100,100,0.12817687018397497,0.11352710648549404,0.14249338920318225
ecology_perception_parallel_v1_s1,S1,split_high_low,64,majority_tie_rate,100,100,0.263140625,0.2511869140625,0.2748533203125
ecology_perception_parallel_v1_s1,S1,split_high_low,64,visibility_gini,100,100,0.26383544921875,0.25844219970703125,0.26925585937499996
ecology_perception_parallel_v1_s1,S1,split_high_low,64,low_extraction_rate,100,100,0.29667968749999996,0.285351171875,0.30856289062500003
ecology_perception_parallel_v1_s2,S2,uniform_high,64,social_perception_error,100,100,0.21888532175588118,0.2154193402789094,0.22219163340852602
ecology_perception_parallel_v1_s2,S2,uniform_high,64,majority_mismatch_rate,100,100,0.15461878808657614,0.13648334877868934,0.1733319416104707
ecology_perception_parallel_v1_s2,S2,uniform_high,64,majority_tie_rate,100,100,0.2231015625,0.2131560546875,0.23314082031250002
ecology_perception_parallel_v1_s2,S2,uniform_high,64,visibility_gini,100,100,0.360905,0.35768599999999995,0.36400256250000007
ecology_perception_parallel_v1_s2,S2,uniform_high,64,low_extraction_rate,100,100,0.28971875,0.275467578125,0.30391542968749996
ecology_perception_parallel_v1_s2,S2,patchy_high,64,social_perception_error,100,100,0.21741993897814882,0.21296406132092768,0.22125164850091936
ecology_perception_parallel_v1_s2,S2,patchy_high,64,majority_mismatch_rate,100,100,0.15673474308561658,0.13710088050247363,0.17617154880615477
ecology_perception_parallel_v1_s2,S2,patchy_high,64,majority_tie_rate,100,100,0.225390625,0.21453847656250002,0.2360546875
ecology_perception_parallel_v1_s2,S2,patchy_high,64,visibility_gini,100,100,0.360905,0.3576449375,0.36414753125000004
ecology_perception_parallel_v1_s2,S2,patchy_high,64,low_extraction_rate,100,100,0.29150781249999996,0.27662460937499994,0.30576562499999993
ecology_perception_parallel_v1_s2,S2,split_high_low,64,social_perception_error,100,100,0.2181690745426635,0.2151401690737092,0.22089923397827466
ecology_perception_parallel_v1_s2,S2,split_high_low,64,majority_mismatch_rate,100,100,0.14969333077050537,0.13292904139698014,0.16744324797615928
ecology_perception_parallel_v1_s2,S2,split_high_low,64,majority_tie_rate,100,100,0.229421875,0.21950703124999996,0.23921933593750003
ecology_perception_parallel_v1_s2,S2,split_high_low,64,visibility_gini,100,100,0.360905,0.3577025,0.36405546874999994
ecology_perception_parallel_v1_s2,S2,split_high_low,64,low_extraction_rate,100,100,0.292109375,0.28009355468749997,0.3040943359375
ecology_perception_parallel_v1_r1_mu010,R1,uniform_high,64,social_perception_error,100,100,0.17387478298611111,0.17030101919022816,0.1773699893043155
ecology_perception_parallel_v1_r1_mu010,R1,uniform_high,64,majority_mismatch_rate,100,100,0.11219836161378886,0.09559898243822425,0.12936707865412217
ecology_perception_parallel_v1_r1_mu010,R1,uniform_high,64,majority_tie_rate,100,100,0.23692968749999999,0.2209685546875,0.2527515625
ecology_perception_parallel_v1_r1_mu010,R1,uniform_high,64,visibility_gini,100,100,0.3853428955078126,0.37811604003906246,0.3929092376708984
ecology_perception_parallel_v1_r1_mu010,R1,uniform_high,64,low_extraction_rate,100,100,0.292671875,0.2783591796875,0.30695351562499995
ecology_perception_parallel_v1_r1_mu010,R1,patchy_high,64,social_perception_error,100,100,0.1737448226686508,0.17030455651661702,0.17702631990947418
ecology_perception_parallel_v1_r1_mu010,R1,patchy_high,64,majority_mismatch_rate,100,100,0.11211278252994511,0.09622168432329016,0.1286245784451069
ecology_perception_parallel_v1_r1_mu010,R1,patchy_high,64,majority_tie_rate,100,100,0.23853906249999998,0.22182773437499997,0.2545080078125
ecology_perception_parallel_v1_r1_mu010,R1,patchy_high,64,visibility_gini,100,100,0.3842938232421875,0.3765944320678711,0.3919263458251954
ecology_perception_parallel_v1_r1_mu010,R1,patchy_high,64,low_extraction_rate,100,100,0.2948125,0.28048183593750003,0.3091566406250001
ecology_perception_parallel_v1_r1_mu010,R1,split_high_low,64,social_perception_error,100,100,0.17481560019841272,0.17215267934647815,0.17745711573040673
ecology_perception_parallel_v1_r1_mu010,R1,split_high_low,64,majority_mismatch_rate,100,100,0.11329120445147364,0.09872284609820364,0.1288241468757448
ecology_perception_parallel_v1_r1_mu010,R1,split_high_low,64,majority_tie_rate,100,100,0.24812499999999996,0.23498437500000002,0.26128164062500003
ecology_perception_parallel_v1_r1_mu010,R1,split_high_low,64,visibility_gini,100,100,0.38917022705078125,0.38210124053955075,0.3964396606445312
ecology_perception_parallel_v1_r1_mu010,R1,split_high_low,64,low_extraction_rate,100,100,0.29907812500000003,0.28803124999999996,0.310562890625
ecology_perception_parallel_v1_r0_r1_mu010,"R0 (theta=0, matched mu=0.1)",uniform_high,64,social_perception_error,100,100,0.1767959449404762,0.17350917116195436,0.17994330124627975
ecology_perception_parallel_v1_r0_r1_mu010,"R0 (theta=0, matched mu=0.1)",uniform_high,64,majority_mismatch_rate,100,100,0.12579517875260662,0.11036254072466742,0.14117435819345517
ecology_perception_parallel_v1_r0_r1_mu010,"R0 (theta=0, matched mu=0.1)",uniform_high,64,majority_tie_rate,100,100,0.25274218750000005,0.23874921874999996,0.266390625
ecology_perception_parallel_v1_r0_r1_mu010,"R0 (theta=0, matched mu=0.1)",uniform_high,64,visibility_gini,100,100,0.384325439453125,0.3766153701782228,0.39205613250732424
ecology_perception_parallel_v1_r0_r1_mu010,"R0 (theta=0, matched mu=0.1)",uniform_high,64,low_extraction_rate,100,100,0.2941640625,0.2802728515625,0.3078056640625
ecology_perception_parallel_v1_r0_r1_mu010,"R0 (theta=0, matched mu=0.1)",patchy_high,64,social_perception_error,100,100,0.17626829117063494,0.17272694614955356,0.17958891446552577
ecology_perception_parallel_v1_r0_r1_mu010,"R0 (theta=0, matched mu=0.1)",patchy_high,64,majority_mismatch_rate,100,100,0.12560695076786763,0.10986925080532932,0.14155509953995066
ecology_perception_parallel_v1_r0_r1_mu010,"R0 (theta=0, matched mu=0.1)",patchy_high,64,majority_tie_rate,100,100,0.250078125,0.23583515625000007,0.2640078125
ecology_perception_parallel_v1_r0_r1_mu010,"R0 (theta=0, matched mu=0.1)",patchy_high,64,visibility_gini,100,100,0.38107385253906245,0.3737862289428711,0.3888528182983398
ecology_perception_parallel_v1_r0_r1_mu010,"R0 (theta=0, matched mu=0.1)",patchy_high,64,low_extraction_rate,100,100,0.2931953125,0.2791478515625,0.3070392578125
ecology_perception_parallel_v1_r0_r1_mu010,"R0 (theta=0, matched mu=0.1)",split_high_low,64,social_perception_error,100,100,0.17731343005952385,0.17441595982142857,0.1801831759982639
ecology_perception_parallel_v1_r0_r1_mu010,"R0 (theta=0, matched mu=0.1)",split_high_low,64,majority_mismatch_rate,100,100,0.1279087701048676,0.11289276586352702,0.14411394316439488
ecology_perception_parallel_v1_r0_r1_mu010,"R0 (theta=0, matched mu=0.1)",split_high_low,64,majority_tie_rate,100,100,0.25985156249999997,0.2467802734375,0.2722734375
ecology_perception_parallel_v1_r0_r1_mu010,"R0 (theta=0, matched mu=0.1)",split_high_low,64,visibility_gini,100,100,0.384609130859375,0.3771940948486327,0.39223621063232417
ecology_perception_parallel_v1_r0_r1_mu010,"R0 (theta=0, matched mu=0.1)",split_high_low,64,low_extraction_rate,100,100,0.2970859375,0.284960546875,0.30919863281249993
ecology_perception_parallel_v1_r2_mu010,R2,uniform_high,64,social_perception_error,100,100,0.17459406001984124,0.17115720408606155,0.17791675347222227
ecology_perception_parallel_v1_r2_mu010,R2,uniform_high,64,majority_mismatch_rate,100,100,0.10964602513611903,0.09420935588167413,0.12550612680703122
ecology_perception_parallel_v1_r2_mu010,R2,uniform_high,64,majority_tie_rate,100,100,0.2363984375,0.2212099609375,0.25126718750000004
ecology_perception_parallel_v1_r2_mu010,R2,uniform_high,64,visibility_gini,100,100,0.34873223876953124,0.34283127136230473,0.35460456390380873
ecology_perception_parallel_v1_r2_mu010,R2,uniform_high,64,low_extraction_rate,100,100,0.291890625,0.27849960937499996,0.3053205078125
ecology_perception_parallel_v1_r2_mu010,R2,patchy_high,64,social_perception_error,100,100,0.17378766741071427,0.17043249472966274,0.17697561616443447
ecology_perception_parallel_v1_r2_mu010,R2,patchy_high,64,majority_mismatch_rate,100,100,0.10648897790862387,0.09131765792775766,0.1229812115260021
ecology_perception_parallel_v1_r2_mu010,R2,patchy_high,64,majority_tie_rate,100,100,0.23346093749999997,0.21726562500000005,0.24980468749999996
ecology_perception_parallel_v1_r2_mu010,R2,patchy_high,64,visibility_gini,100,100,0.3480133666992187,0.3420472259521484,0.35403723144531246
ecology_perception_parallel_v1_r2_mu010,R2,patchy_high,64,low_extraction_rate,100,100,0.29085937500000003,0.2770466796875,0.304837109375
ecology_perception_parallel_v1_r2_mu010,R2,split_high_low,64,social_perception_error,100,100,0.17695529513888894,0.1741812647259424,0.17976343160962302
ecology_perception_parallel_v1_r2_mu010,R2,split_high_low,64,majority_mismatch_rate,100,100,0.11663034534807404,0.10162826190558086,0.1319855550227148
ecology_perception_parallel_v1_r2_mu010,R2,split_high_low,64,majority_tie_rate,100,100,0.2501328125,0.23706992187500003,0.2634384765625
ecology_perception_parallel_v1_r2_mu010,R2,split_high_low,64,visibility_gini,100,100,0.34652117919921877,0.33950610961914074,0.35372520599365237
ecology_perception_parallel_v1_r2_mu010,R2,split_high_low,64,low_extraction_rate,100,100,0.30089062499999997,0.288421484375,0.3129609375
ecology_perception_parallel_v1_r0_r2_mu010,"R0 (theta=0.25, matched mu=0.1)",uniform_high,64,social_perception_error,100,100,0.1758467571924603,0.17262487599206347,0.17893726981026783
ecology_perception_parallel_v1_r0_r2_mu010,"R0 (theta=0.25, matched mu=0.1)",uniform_high,64,majority_mismatch_rate,100,100,0.12381024375727341,0.10652281870065633,0.14067846593673677
ecology_perception_parallel_v1_r0_r2_mu010,"R0 (theta=0.25, matched mu=0.1)",uniform_high,64,majority_tie_rate,100,100,0.25248437500000004,0.23744511718749997,0.26729902343749995
ecology_perception_parallel_v1_r0_r2_mu010,"R0 (theta=0.25, matched mu=0.1)",uniform_high,64,visibility_gini,100,100,0.3480850219726562,0.34205654602050783,0.35447064208984375
ecology_perception_parallel_v1_r0_r2_mu010,"R0 (theta=0.25, matched mu=0.1)",uniform_high,64,low_extraction_rate,100,100,0.29228125,0.2786169921875,0.30650800781250004
ecology_perception_parallel_v1_r0_r2_mu010,"R0 (theta=0.25, matched mu=0.1)",patchy_high,64,social_perception_error,100,100,0.17822138516865077,0.1746151320684524,0.1816544999379961
ecology_perception_parallel_v1_r0_r2_mu010,"R0 (theta=0.25, matched mu=0.1)",patchy_high,64,majority_mismatch_rate,100,100,0.12812197422758967,0.11168349106666671,0.1446423813878189
ecology_perception_parallel_v1_r0_r2_mu010,"R0 (theta=0.25, matched mu=0.1)",patchy_high,64,majority_tie_rate,100,100,0.25104687500000006,0.23642910156250002,0.26526621093749997
ecology_perception_parallel_v1_r0_r2_mu010,"R0 (theta=0.25, matched mu=0.1)",patchy_high,64,visibility_gini,100,100,0.3443223876953125,0.3381956527709961,0.3506909790039063
ecology_perception_parallel_v1_r0_r2_mu010,"R0 (theta=0.25, matched mu=0.1)",patchy_high,64,low_extraction_rate,100,100,0.29359375,0.2792578125,0.307782421875
ecology_perception_parallel_v1_r0_r2_mu010,"R0 (theta=0.25, matched mu=0.1)",split_high_low,64,social_perception_error,100,100,0.1779081411210318,0.17504510401165674,0.180705082000248
ecology_perception_parallel_v1_r0_r2_mu010,"R0 (theta=0.25, matched mu=0.1)",split_high_low,64,majority_mismatch_rate,100,100,0.1324434520551199,0.11696574090449072,0.14807142036452992
ecology_perception_parallel_v1_r0_r2_mu010,"R0 (theta=0.25, matched mu=0.1)",split_high_low,64,majority_tie_rate,100,100,0.26588281249999995,0.2527869140625,0.27871113281250004
ecology_perception_parallel_v1_r0_r2_mu010,"R0 (theta=0.25, matched mu=0.1)",split_high_low,64,visibility_gini,100,100,0.3431088867187501,0.3377657501220703,0.34878806762695314
ecology_perception_parallel_v1_r0_r2_mu010,"R0 (theta=0.25, matched mu=0.1)",split_high_low,64,low_extraction_rate,100,100,0.298984375,0.2877884765625,0.3105234375
ecology_perception_parallel_v1_r3_mu010,R3,uniform_high,64,social_perception_error,100,100,0.17462127976190478,0.17107413659474205,0.17810731879340275
ecology_perception_parallel_v1_r3_mu010,R3,uniform_high,64,majority_mismatch_rate,100,100,0.11593637694475246,0.0998385793079832,0.1330442237951977
ecology_perception_parallel_v1_r3_mu010,R3,uniform_high,64,majority_tie_rate,100,100,0.2369609375,0.22036718750000003,0.25264082031249996
ecology_perception_parallel_v1_r3_mu010,R3,uniform_high,64,visibility_gini,100,100,0.26640618896484375,0.26164987945556645,0.2714471878051758
ecology_perception_parallel_v1_r3_mu010,R3,uniform_high,64,low_extraction_rate,100,100,0.2921875,0.27788867187500005,0.30670332031249997
ecology_perception_parallel_v1_r3_mu010,R3,patchy_high,64,social_perception_error,100,100,0.173884765625,0.170736140562996,0.17694764539930555
ecology_perception_parallel_v1_r3_mu010,R3,patchy_high,64,majority_mismatch_rate,100,100,0.11004905050021567,0.09467531589251639,0.12567819748856493
ecology_perception_parallel_v1_r3_mu010,R3,patchy_high,64,majority_tie_rate,100,100,0.24264062500000003,0.22702343750000004,0.25740625
ecology_perception_parallel_v1_r3_mu010,R3,patchy_high,64,visibility_gini,100,100,0.26828656005859375,0.26407134246826175,0.2726110961914062
ecology_perception_parallel_v1_r3_mu010,R3,patchy_high,64,low_extraction_rate,100,100,0.294171875,0.28003886718750004,0.30771894531250005
ecology_perception_parallel_v1_r3_mu010,R3,split_high_low,64,social_perception_error,100,100,0.17541772073412698,0.1725423549107143,0.17834644484747025
ecology_perception_parallel_v1_r3_mu010,R3,split_high_low,64,majority_mismatch_rate,100,100,0.1136712109683439,0.09969865272987824,0.12901974034714733
ecology_perception_parallel_v1_r3_mu010,R3,split_high_low,64,majority_tie_rate,100,100,0.24641406250000003,0.23298378906250003,0.2601330078125
ecology_perception_parallel_v1_r3_mu010,R3,split_high_low,64,visibility_gini,100,100,0.26651373291015623,0.2619297241210938,0.2709681396484375
ecology_perception_parallel_v1_r3_mu010,R3,split_high_low,64,low_extraction_rate,100,100,0.297828125,0.2861712890625,0.30909414062500007
ecology_perception_parallel_v1_r0_r3_mu010,"R0 (theta=1, matched mu=0.1)",uniform_high,64,social_perception_error,100,100,0.17682350570436509,0.17360262819320438,0.18000814267113097
ecology_perception_parallel_v1_r0_r3_mu010,"R0 (theta=1, matched mu=0.1)",uniform_high,64,majority_mismatch_rate,100,100,0.13110942090203306,0.11461875302313504,0.14765591322776503
ecology_perception_parallel_v1_r0_r3_mu010,"R0 (theta=1, matched mu=0.1)",uniform_high,64,majority_tie_rate,100,100,0.25577343750000003,0.24096093750000003,0.27033710937499994
ecology_perception_parallel_v1_r0_r3_mu010,"R0 (theta=1, matched mu=0.1)",uniform_high,64,visibility_gini,100,100,0.26218286132812496,0.25694776916503914,0.267431135559082
ecology_perception_parallel_v1_r0_r3_mu010,"R0 (theta=1, matched mu=0.1)",uniform_high,64,low_extraction_rate,100,100,0.29541406249999996,0.280694921875,0.30973457031250007
ecology_perception_parallel_v1_r0_r3_mu010,"R0 (theta=1, matched mu=0.1)",patchy_high,64,social_perception_error,100,100,0.1759370349702381,0.17227534567212296,0.17937626875620047
ecology_perception_parallel_v1_r0_r3_mu010,"R0 (theta=1, matched mu=0.1)",patchy_high,64,majority_mismatch_rate,100,100,0.12721282706726292,0.11018170384893715,0.14511699142588913
ecology_perception_parallel_v1_r0_r3_mu010,"R0 (theta=1, matched mu=0.1)",patchy_high,64,majority_tie_rate,100,100,0.24858593749999996,0.23338261718749997,0.26257109375000004
ecology_perception_parallel_v1_r0_r3_mu010,"R0 (theta=1, matched mu=0.1)",patchy_high,64,visibility_gini,100,100,0.2675137329101563,0.2634967254638672,0.2715464782714844
ecology_perception_parallel_v1_r0_r3_mu010,"R0 (theta=1, matched mu=0.1)",patchy_high,64,low_extraction_rate,100,100,0.2936796875,0.27936679687499993,0.30781347656249997
ecology_perception_parallel_v1_r0_r3_mu010,"R0 (theta=1, matched mu=0.1)",split_high_low,64,social_perception_error,100,100,0.1784755084325397,0.17563390687003969,0.18126825706845237
ecology_perception_parallel_v1_r0_r3_mu010,"R0 (theta=1, matched mu=0.1)",split_high_low,64,majority_mismatch_rate,100,100,0.12928152005491253,0.11455118410919352,0.1443871801414732
ecology_perception_parallel_v1_r0_r3_mu010,"R0 (theta=1, matched mu=0.1)",split_high_low,64,majority_tie_rate,100,100,0.258625,0.2466953125,0.27059472656249994
ecology_perception_parallel_v1_r0_r3_mu010,"R0 (theta=1, matched mu=0.1)",split_high_low,64,visibility_gini,100,100,0.26143121337890624,0.2563042907714843,0.26658653259277343
ecology_perception_parallel_v1_r0_r3_mu010,"R0 (theta=1, matched mu=0.1)",split_high_low,64,low_extraction_rate,100,100,0.2991796875,0.2874060546875,0.31077421875
