run_id,run_path,analysis_label,treatment,rewiring,rewire_theta,rewire_mu,network_eval,scenarios,populations,replicates,config_sha256,rewiring_schedule_sha256,matched_source_schedule_sha256,paired_adaptive_run_id,git_commit_sha,git_worktree_dirty
ecology_perception_parallel_v1_b0,/home/gavinl/Projects/cognitive tools/results/q_learning_baseline/experiments/ecology_perception_parallel_v1_b0,B0,B0,none,0.25,0.1,frozen,uniform_high|patchy_high|split_high_low,64,100,3e4e34bcf269cdb86a5e9d0d86a3b1fa01eb2f1863e58ab4224a2510d6975be4,,,,2ac3a887f271874d9ff71726a3d0ed9e83601efc,False
ecology_perception_parallel_v1_s1,/home/gavinl/Projects/cognitive tools/results/q_learning_baseline/experiments/ecology_perception_parallel_v1_s1,S1,S1,none,0.25,0.1,frozen,uniform_high|patchy_high|split_high_low,64,100,fb96f195d0c4ccae6ed6fcd908f89602a1ce7ea91bc7eebc845641ed44c35eb4,,,,2ac3a887f271874d9ff71726a3d0ed9e83601efc,False
ecology_perception_parallel_v1_s2,/home/gavinl/Projects/cognitive tools/results/q_learning_baseline/experiments/ecology_perception_parallel_v1_s2,S2,S2,none,0.25,0.1,frozen,uniform_high|patchy_high|split_high_low,64,100,7c78a8b1fede18d203121246ff3ed3ae1d974151ae3d34e269b5ff31a8ccddd1,,,,2ac3a887f271874d9ff71726a3d0ed9e83601efc,False
ecology_perception_parallel_v1_r0_r1_mu010,/home/gavinl/Projects/cognitive tools/results/q_learning_baseline/experiments/ecology_perception_parallel_v1_r0_r1_mu010,"R0 (theta=0, matched mu=0.1)",R0,random_matched,0.0,0.1,frozen,uniform_high|patchy_high|split_high_low,64,100,bdeadbb7140511928284ebefd8c823d3e2f6cc12e63fe028ab9bdb32118b7652,87044c666fdce69293864a689aba6c483456a5288e509c3e4fc62c9e9d386a72,456be7676ee533bb911fa07f07af024e3d5b3967b1dfb02deb1970d39469f0e7,ecology_perception_parallel_v1_r1_mu010,2ac3a887f271874d9ff71726a3d0ed9e83601efc,False
ecology_perception_parallel_v1_r1_mu010,/home/gavinl/Projects/cognitive tools/results/q_learning_baseline/experiments/ecology_perception_parallel_v1_r1_mu010,R1,R1,prediction_error,0.0,0.1,frozen,uniform_high|patchy_high|split_high_low,64,100,638b63c78a9f2fe2b9c6eb3fe11d56084b0e19c19877172d33b8da6657d1119e,456be7676ee533bb911fa07f07af024e3d5b3967b1dfb02deb1970d39469f0e7,,,2ac3a887f271874d9ff71726a3d0ed9e83601efc,False
ecology_perception_parallel_v1_r0_r2_mu010,/home/gavinl/Projects/cognitive tools/results/q_learning_baseline/experiments/ecology_perception_parallel_v1_r0_r2_mu010,"R0 (theta=0.25, matched mu=0.1)",R0,random_matched,0.25,0.1,frozen,uniform_high|patchy_high|split_high_low,64,100,204844555d71f6899a0fcb50aea64680604161901ed5479ae019c9c5de5116b4,3cdc95a28783741edd032f29b939d07daae84d5be00d324903be7ee7c73ca255,30705fd2af14c889bb2db9ce0631deef3cfe1d3be2b230956230694bc196b7e3,ecology_perception_parallel_v1_r2_mu010,2ac3a887f271874d9ff71726a3d0ed9e83601efc,False
ecology_perception_parallel_v1_r2_mu010,/home/gavinl/Projects/cognitive tools/results/q_learning_baseline/experiments/ecology_perception_parallel_v1_r2_mu010,R2,R2,prediction_error,0.25,0.1,frozen,uniform_high|patchy_high|split_high_low,64,100,c9a7ba3d49883325b03a367431f9e1bdf8ed8f046f237353a84ad2b94bb7dc36,30705fd2af14c889bb2db9ce0631deef3cfe1d3be2b230956230694bc196b7e3,,,2ac3a887f271874d9ff71726a3d0ed9e83601efc,False
ecology_perception_parallel_v1_r0_r3_mu010,/home/gavinl/Projects/cognitive tools/results/q_learning_baseline/experiments/ecology_perception_parallel_v1_r0_r3_mu010,"R0 (theta=1, matched mu=0.1)",R0,random_matched,1.0,0.1,frozen,uniform_high|patchy_high|split_high_low,64,100,326a33358ec08c3a623e303bc24ff768393dc3d3c1c1593cff0e6217a31e871c,497f4573dd4d8664a3aef97cebff58c68ea9f9754f0c47168d5e07caeba2ba91,ac1bc1a659d50dd3fbf979ca5c2b3251c54060cf8342714717bc0a7d66021df5,ecology_perception_parallel_v1_r3_mu010,2ac3a887f271874d9ff71726a3d0ed9e83601efc,False
ecology_perception_parallel_v1_r3_mu010,/home/gavinl/Projects/cognitive tools/results/q_learning_baseline/experiments/ecology_perception_parallel_v1_r3_mu010,R3,R3,prediction_error,1.0,0.1,frozen,uniform_high|patchy_high|split_high_low,64,100,794b99f0d08930bc63e51041aeb6209a88de3e676d6ead96213f7782223eb25d,ac1bc1a659d50dd3fbf979ca5c2b3251c54060cf8342714717bc0a7d66021df5,,,2ac3a887f271874d9ff71726a3d0ed9e83601efc,False
