scenario,population,replicate,treatment,social_mode,social_network,rewiring,checkpoint,time,source,observer,source_visibility_degree,observer_visibility_degree,source_attention_size,observer_attention_size
uniform_high,6,0,R0,fixed,random_k,random_matched,initial,0,agent_0,agent_1,3,3,2,2
uniform_high,6,0,R0,fixed,random_k,random_matched,initial,0,agent_0,agent_2,3,2,2,2
uniform_high,6,0,R0,fixed,random_k,random_matched,initial,0,agent_0,agent_3,3,1,2,2
uniform_high,6,0,R0,fixed,random_k,random_matched,initial,0,agent_1,agent_2,3,2,2,2
uniform_high,6,0,R0,fixed,random_k,random_matched,initial,0,agent_1,agent_4,3,2,2,2
uniform_high,6,0,R0,fixed,random_k,random_matched,initial,0,agent_1,agent_5,3,1,2,2
uniform_high,6,0,R0,fixed,random_k,random_matched,initial,0,agent_2,agent_0,2,3,2,2
uniform_high,6,0,R0,fixed,random_k,random_matched,initial,0,agent_2,agent_4,2,2,2,2
uniform_high,6,0,R0,fixed,random_k,random_matched,initial,0,agent_3,agent_5,1,1,2,2
uniform_high,6,0,R0,fixed,random_k,random_matched,initial,0,agent_4,agent_1,2,3,2,2
uniform_high,6,0,R0,fixed,random_k,random_matched,initial,0,agent_4,agent_3,2,1,2,2
uniform_high,6,0,R0,fixed,random_k,random_matched,initial,0,agent_5,agent_0,1,3,2,2
uniform_high,6,0,R0,fixed,random_k,random_matched,terminal,12,agent_0,agent_3,2,0,2,2
uniform_high,6,0,R0,fixed,random_k,random_matched,terminal,12,agent_0,agent_4,2,5,2,2
uniform_high,6,0,R0,fixed,random_k,random_matched,terminal,12,agent_1,agent_2,1,2,2,2
uniform_high,6,0,R0,fixed,random_k,random_matched,terminal,12,agent_2,agent_1,2,1,2,2
uniform_high,6,0,R0,fixed,random_k,random_matched,terminal,12,agent_2,agent_5,2,2,2,2
uniform_high,6,0,R0,fixed,random_k,random_matched,terminal,12,agent_4,agent_0,5,2,2,2
uniform_high,6,0,R0,fixed,random_k,random_matched,terminal,12,agent_4,agent_1,5,1,2,2
uniform_high,6,0,R0,fixed,random_k,random_matched,terminal,12,agent_4,agent_2,5,2,2,2
uniform_high,6,0,R0,fixed,random_k,random_matched,terminal,12,agent_4,agent_3,5,0,2,2
uniform_high,6,0,R0,fixed,random_k,random_matched,terminal,12,agent_4,agent_5,5,2,2,2
uniform_high,6,0,R0,fixed,random_k,random_matched,terminal,12,agent_5,agent_0,2,2,2,2
uniform_high,6,0,R0,fixed,random_k,random_matched,terminal,12,agent_5,agent_4,2,5,2,2
uniform_high,6,1,R0,fixed,random_k,random_matched,initial,0,agent_1,agent_0,3,0,2,2
uniform_high,6,1,R0,fixed,random_k,random_matched,initial,0,agent_1,agent_2,3,3,2,2
uniform_high,6,1,R0,fixed,random_k,random_matched,initial,0,agent_1,agent_5,3,3,2,2
uniform_high,6,1,R0,fixed,random_k,random_matched,initial,0,agent_2,agent_3,3,2,2,2
uniform_high,6,1,R0,fixed,random_k,random_matched,initial,0,agent_2,agent_4,3,1,2,2
uniform_high,6,1,R0,fixed,random_k,random_matched,initial,0,agent_2,agent_5,3,3,2,2
uniform_high,6,1,R0,fixed,random_k,random_matched,initial,0,agent_3,agent_0,2,0,2,2
uniform_high,6,1,R0,fixed,random_k,random_matched,initial,0,agent_3,agent_4,2,1,2,2
uniform_high,6,1,R0,fixed,random_k,random_matched,initial,0,agent_4,agent_1,1,3,2,2
uniform_high,6,1,R0,fixed,random_k,random_matched,initial,0,agent_5,agent_1,3,3,2,2
uniform_high,6,1,R0,fixed,random_k,random_matched,initial,0,agent_5,agent_2,3,3,2,2
uniform_high,6,1,R0,fixed,random_k,random_matched,initial,0,agent_5,agent_3,3,2,2,2
uniform_high,6,1,R0,fixed,random_k,random_matched,terminal,12,agent_0,agent_1,2,5,2,2
uniform_high,6,1,R0,fixed,random_k,random_matched,terminal,12,agent_0,agent_2,2,0,2,2
uniform_high,6,1,R0,fixed,random_k,random_matched,terminal,12,agent_1,agent_0,5,2,2,2
uniform_high,6,1,R0,fixed,random_k,random_matched,terminal,12,agent_1,agent_2,5,0,2,2
uniform_high,6,1,R0,fixed,random_k,random_matched,terminal,12,agent_1,agent_3,5,0,2,2
uniform_high,6,1,R0,fixed,random_k,random_matched,terminal,12,agent_1,agent_4,5,3,2,2
uniform_high,6,1,R0,fixed,random_k,random_matched,terminal,12,agent_1,agent_5,5,2,2,2
uniform_high,6,1,R0,fixed,random_k,random_matched,terminal,12,agent_4,agent_1,3,5,2,2
uniform_high,6,1,R0,fixed,random_k,random_matched,terminal,12,agent_4,agent_3,3,0,2,2
uniform_high,6,1,R0,fixed,random_k,random_matched,terminal,12,agent_4,agent_5,3,2,2,2
uniform_high,6,1,R0,fixed,random_k,random_matched,terminal,12,agent_5,agent_0,2,2,2,2
uniform_high,6,1,R0,fixed,random_k,random_matched,terminal,12,agent_5,agent_4,2,3,2,2
